method,target,wiretap
<boot>,fr/inria/optimization/cmaes/examples/CMAExample1.main:([Ljava/lang/String;)V,1
fr/inria/optimization/cmaes/PrintfFormat.<init>:(Ljava/util/Locale;Ljava/lang/String;)V,fr/inria/optimization/cmaes/PrintfFormat$ConversionSpecification.<init>:(Lfr/inria/optimization/cmaes/PrintfFormat;Ljava/lang/String;)V,1
fr/inria/optimization/cmaes/PrintfFormat.sprintf:(I)Ljava/lang/String;,fr/inria/optimization/cmaes/PrintfFormat$ConversionSpecification.internalsprintf:(I)Ljava/lang/String;,1
fr/inria/optimization/cmaes/PrintfFormat.sprintf:(J)Ljava/lang/String;,fr/inria/optimization/cmaes/PrintfFormat$ConversionSpecification.internalsprintf:(J)Ljava/lang/String;,1
fr/inria/optimization/cmaes/PrintfFormat.sprintf:(D)Ljava/lang/String;,fr/inria/optimization/cmaes/PrintfFormat$ConversionSpecification.internalsprintf:(D)Ljava/lang/String;,1
fr/inria/optimization/cmaes/CMAEvolutionStrategy.readProperties:(Ljava/lang/String;)Ljava/util/Properties;,fr/inria/optimization/cmaes/IntDouble.compare:(Ljava/lang/Object;Ljava/lang/Object;)I,0
fr/inria/optimization/cmaes/CMAEvolutionStrategy.writeToFile:(Ljava/lang/String;Ljava/lang/String;I)V,fr/inria/optimization/cmaes/IntDouble.compare:(Ljava/lang/Object;Ljava/lang/Object;)I,0
fr/inria/optimization/cmaes/CMAEvolutionStrategy.getPrintLine:()Ljava/lang/String;,fr/inria/optimization/cmaes/PrintfFormat.<init>:(Ljava/util/Locale;Ljava/lang/String;)V,0
fr/inria/optimization/cmaes/CMAEvolutionStrategy.getPrintLine:()Ljava/lang/String;,fr/inria/optimization/cmaes/PrintfFormat.<init>:(Ljava/util/Locale;Ljava/lang/String;)V,0
fr/inria/optimization/cmaes/CMAEvolutionStrategy.getPrintLine:()Ljava/lang/String;,fr/inria/optimization/cmaes/PrintfFormat.<init>:(Ljava/util/Locale;Ljava/lang/String;)V,0
fr/inria/optimization/cmaes/CMAEvolutionStrategy.getPrintLine:()Ljava/lang/String;,fr/inria/optimization/cmaes/PrintfFormat.<init>:(Ljava/util/Locale;Ljava/lang/String;)V,1
fr/inria/optimization/cmaes/CMAEvolutionStrategy.getPrintLine:()Ljava/lang/String;,fr/inria/optimization/cmaes/PrintfFormat.<init>:(Ljava/util/Locale;Ljava/lang/String;)V,1
fr/inria/optimization/cmaes/CMAEvolutionStrategy.getPrintLine:()Ljava/lang/String;,fr/inria/optimization/cmaes/PrintfFormat.<init>:(Ljava/util/Locale;Ljava/lang/String;)V,1
fr/inria/optimization/cmaes/CMAEvolutionStrategy.getPrintLine:()Ljava/lang/String;,fr/inria/optimization/cmaes/PrintfFormat.<init>:(Ljava/util/Locale;Ljava/lang/String;)V,1
fr/inria/optimization/cmaes/CMAEvolutionStrategy.getPrintLine:()Ljava/lang/String;,fr/inria/optimization/cmaes/PrintfFormat.<init>:(Ljava/util/Locale;Ljava/lang/String;)V,1
fr/inria/optimization/cmaes/CMAEvolutionStrategy.getPrintLine:()Ljava/lang/String;,fr/inria/optimization/cmaes/PrintfFormat.<init>:(Ljava/util/Locale;Ljava/lang/String;)V,1
fr/inria/optimization/cmaes/CMAEvolutionStrategy.getPrintLine:()Ljava/lang/String;,fr/inria/optimization/cmaes/PrintfFormat.<init>:(Ljava/util/Locale;Ljava/lang/String;)V,1
fr/inria/optimization/cmaes/CMAEvolutionStrategy.getPrintLine:()Ljava/lang/String;,fr/inria/optimization/cmaes/PrintfFormat.<init>:(Ljava/util/Locale;Ljava/lang/String;)V,1
fr/inria/optimization/cmaes/CMAEvolutionStrategy.getPrintLine:()Ljava/lang/String;,fr/inria/optimization/cmaes/PrintfFormat.<init>:(Ljava/util/Locale;Ljava/lang/String;)V,1
fr/inria/optimization/cmaes/CMAEvolutionStrategy.getPrintLine:()Ljava/lang/String;,fr/inria/optimization/cmaes/PrintfFormat.<init>:(Ljava/util/Locale;Ljava/lang/String;)V,1
fr/inria/optimization/cmaes/CMAEvolutionStrategy.getPrintLine:()Ljava/lang/String;,fr/inria/optimization/cmaes/PrintfFormat.<init>:(Ljava/util/Locale;Ljava/lang/String;)V,1
fr/inria/optimization/cmaes/CMAEvolutionStrategy.getPrintLine:()Ljava/lang/String;,fr/inria/optimization/cmaes/PrintfFormat.<init>:(Ljava/util/Locale;Ljava/lang/String;)V,1
fr/inria/optimization/cmaes/CMAEvolutionStrategy.getPrintLine:()Ljava/lang/String;,fr/inria/optimization/cmaes/PrintfFormat.<init>:(Ljava/util/Locale;Ljava/lang/String;)V,1
fr/inria/optimization/cmaes/CMAEvolutionStrategy.getPrintLine:()Ljava/lang/String;,fr/inria/optimization/cmaes/PrintfFormat.<init>:(Ljava/util/Locale;Ljava/lang/String;)V,1
fr/inria/optimization/cmaes/CMAEvolutionStrategy.getPrintLine:()Ljava/lang/String;,fr/inria/optimization/cmaes/PrintfFormat.<init>:(Ljava/util/Locale;Ljava/lang/String;)V,1
fr/inria/optimization/cmaes/CMAEvolutionStrategy.getPrintLine:()Ljava/lang/String;,fr/inria/optimization/cmaes/PrintfFormat.sprintf:(I)Ljava/lang/String;,0
fr/inria/optimization/cmaes/CMAEvolutionStrategy.getPrintLine:()Ljava/lang/String;,fr/inria/optimization/cmaes/PrintfFormat.sprintf:(I)Ljava/lang/String;,1
fr/inria/optimization/cmaes/CMAEvolutionStrategy.getPrintLine:()Ljava/lang/String;,fr/inria/optimization/cmaes/PrintfFormat.sprintf:(I)Ljava/lang/String;,1
fr/inria/optimization/cmaes/CMAEvolutionStrategy.getPrintLine:()Ljava/lang/String;,fr/inria/optimization/cmaes/PrintfFormat.sprintf:(I)Ljava/lang/String;,1
fr/inria/optimization/cmaes/CMAEvolutionStrategy.getPrintLine:()Ljava/lang/String;,fr/inria/optimization/cmaes/PrintfFormat.sprintf:(J)Ljava/lang/String;,0
fr/inria/optimization/cmaes/CMAEvolutionStrategy.getPrintLine:()Ljava/lang/String;,fr/inria/optimization/cmaes/PrintfFormat.sprintf:(J)Ljava/lang/String;,0
fr/inria/optimization/cmaes/CMAEvolutionStrategy.getPrintLine:()Ljava/lang/String;,fr/inria/optimization/cmaes/PrintfFormat.sprintf:(J)Ljava/lang/String;,1
fr/inria/optimization/cmaes/CMAEvolutionStrategy.getPrintLine:()Ljava/lang/String;,fr/inria/optimization/cmaes/PrintfFormat.sprintf:(J)Ljava/lang/String;,1
fr/inria/optimization/cmaes/CMAEvolutionStrategy.getPrintLine:()Ljava/lang/String;,fr/inria/optimization/cmaes/PrintfFormat.sprintf:(D)Ljava/lang/String;,1
fr/inria/optimization/cmaes/CMAEvolutionStrategy.getPrintLine:()Ljava/lang/String;,fr/inria/optimization/cmaes/PrintfFormat.sprintf:(D)Ljava/lang/String;,1
fr/inria/optimization/cmaes/CMAEvolutionStrategy.getPrintLine:()Ljava/lang/String;,fr/inria/optimization/cmaes/PrintfFormat.sprintf:(D)Ljava/lang/String;,1
fr/inria/optimization/cmaes/CMAEvolutionStrategy.getPrintLine:()Ljava/lang/String;,fr/inria/optimization/cmaes/PrintfFormat.sprintf:(D)Ljava/lang/String;,1
fr/inria/optimization/cmaes/CMAEvolutionStrategy.getPrintLine:()Ljava/lang/String;,fr/inria/optimization/cmaes/PrintfFormat.sprintf:(D)Ljava/lang/String;,1
fr/inria/optimization/cmaes/CMAEvolutionStrategy.getPrintLine:()Ljava/lang/String;,fr/inria/optimization/cmaes/PrintfFormat.sprintf:(D)Ljava/lang/String;,1
fr/inria/optimization/cmaes/CMAEvolutionStrategy.getPrintLine:()Ljava/lang/String;,fr/inria/optimization/cmaes/PrintfFormat.sprintf:(D)Ljava/lang/String;,1
fr/inria/optimization/cmaes/CMAEvolutionStrategy.getPrintLine:()Ljava/lang/String;,fr/inria/optimization/cmaes/PrintfFormat.sprintf:(D)Ljava/lang/String;,1
fr/inria/optimization/cmaes/CMAEvolutionStrategy.getPrintLine:()Ljava/lang/String;,fr/inria/optimization/cmaes/PrintfFormat.sprintf:(D)Ljava/lang/String;,1
fr/inria/optimization/cmaes/CMAEvolutionStrategy.getPrintLine:()Ljava/lang/String;,fr/inria/optimization/cmaes/PrintfFormat.sprintf:(D)Ljava/lang/String;,1
fr/inria/optimization/cmaes/CMAEvolutionStrategy.readProperties:(Ljava/lang/String;)Ljava/util/Properties;,fr/inria/optimization/cmaes/IntDouble.compare:(Ljava/lang/Object;Ljava/lang/Object;)I,0
fr/inria/optimization/cmaes/CMAEvolutionStrategy.<init>:()V,fr/inria/optimization/cmaes/CMAEvolutionStrategy$FitnessCollector.<init>:(Lfr/inria/optimization/cmaes/CMAEvolutionStrategy;)V,1
fr/inria/optimization/cmaes/examples/CMAExample1.main:([Ljava/lang/String;)V,fr/inria/optimization/cmaes/examples/Rosenbrock.valueOf:([D)D,1
fr/inria/optimization/cmaes/examples/CMAExample1.main:([Ljava/lang/String;)V,fr/inria/optimization/cmaes/examples/Rosenbrock.valueOf:([D)D,1
fr/inria/optimization/cmaes/examples/CMAExample1.main:([Ljava/lang/String;)V,fr/inria/optimization/cmaes/examples/Rosenbrock.isFeasible:([D)Z,1
fr/inria/optimization/cmaes/CMAEvolutionStrategy.setFitnessOfMeanX:(D)Lfr/inria/optimization/cmaes/CMASolution;,fr/inria/optimization/cmaes/CMASolution.<init>:([DDJ)V,1
fr/inria/optimization/cmaes/CMAEvolutionStrategy.<init>:()V,fr/inria/optimization/cmaes/CMAEvolutionStrategy$StopCondition.<init>:(Lfr/inria/optimization/cmaes/CMAEvolutionStrategy;)V,1
fr/inria/optimization/cmaes/CMAEvolutionStrategy$StopCondition.test:()I,fr/inria/optimization/cmaes/CMAEvolutionStrategy$StopCondition.appendMessage:(Ljava/lang/String;)V,1
fr/inria/optimization/cmaes/CMAEvolutionStrategy$StopCondition.test:()I,fr/inria/optimization/cmaes/CMAEvolutionStrategy$StopCondition.appendMessage:(Ljava/lang/String;)V,0
fr/inria/optimization/cmaes/CMAEvolutionStrategy$StopCondition.test:()I,fr/inria/optimization/cmaes/CMAEvolutionStrategy$StopCondition.appendMessage:(Ljava/lang/String;)V,0
fr/inria/optimization/cmaes/CMAEvolutionStrategy$StopCondition.test:()I,fr/inria/optimization/cmaes/CMAEvolutionStrategy$StopCondition.appendMessage:(Ljava/lang/String;)V,0
fr/inria/optimization/cmaes/CMAEvolutionStrategy$StopCondition.test:()I,fr/inria/optimization/cmaes/CMAEvolutionStrategy$StopCondition.appendMessage:(Ljava/lang/String;)V,0
fr/inria/optimization/cmaes/CMAEvolutionStrategy$StopCondition.test:()I,fr/inria/optimization/cmaes/CMAEvolutionStrategy$StopCondition.appendMessage:(Ljava/lang/String;)V,0
fr/inria/optimization/cmaes/CMAEvolutionStrategy$StopCondition.test:()I,fr/inria/optimization/cmaes/CMAEvolutionStrategy$StopCondition.appendMessage:(Ljava/lang/String;)V,0
fr/inria/optimization/cmaes/CMAEvolutionStrategy$StopCondition.test:()I,fr/inria/optimization/cmaes/CMAEvolutionStrategy$StopCondition.appendMessage:(Ljava/lang/String;)V,0
fr/inria/optimization/cmaes/CMAEvolutionStrategy$StopCondition.test:()I,fr/inria/optimization/cmaes/CMAEvolutionStrategy$StopCondition.appendMessage:(Ljava/lang/String;)V,0
fr/inria/optimization/cmaes/CMAEvolutionStrategy$StopCondition.test:()I,fr/inria/optimization/cmaes/CMAEvolutionStrategy$StopCondition.appendMessage:(Ljava/lang/String;)V,0
fr/inria/optimization/cmaes/CMAEvolutionStrategy$StopCondition.test:()I,fr/inria/optimization/cmaes/CMAEvolutionStrategy$StopCondition.appendMessage:(Ljava/lang/String;)V,0
fr/inria/optimization/cmaes/CMAEvolutionStrategy$StopCondition.test:()I,fr/inria/optimization/cmaes/CMAEvolutionStrategy$StopCondition.appendMessage:(Ljava/lang/String;)V,0
fr/inria/optimization/cmaes/CMAEvolutionStrategy$StopCondition.getNumber:()I,fr/inria/optimization/cmaes/CMAEvolutionStrategy$StopCondition.test:()I,1
fr/inria/optimization/cmaes/CMAEvolutionStrategy$StopCondition.getMessages:()[Ljava/lang/String;,fr/inria/optimization/cmaes/CMAEvolutionStrategy$StopCondition.test:()I,1
fr/inria/optimization/cmaes/CMAOptions.setOptions:(Ljava/util/Properties;)V,fr/inria/optimization/cmaes/IntDouble.compare:(Ljava/lang/Object;Ljava/lang/Object;)I,0
fr/inria/optimization/cmaes/CMAOptions.getFirstToken:(Ljava/lang/String;Ljava/lang/Double;)Ljava/lang/Double;,fr/inria/optimization/cmaes/IntDouble.compare:(Ljava/lang/Object;Ljava/lang/Object;)I,0
fr/inria/optimization/cmaes/CMAOptions.getFirstToken:(Ljava/lang/String;)Ljava/lang/String;,fr/inria/optimization/cmaes/IntDouble.compare:(Ljava/lang/Object;Ljava/lang/Object;)I,0
fr/inria/optimization/cmaes/CMAOptions.getFirstToken:(Ljava/lang/String;Ljava/lang/Integer;)Ljava/lang/Integer;,fr/inria/optimization/cmaes/IntDouble.compare:(Ljava/lang/Object;Ljava/lang/Object;)I,0
fr/inria/optimization/cmaes/CMAOptions.getFirstToken:(Ljava/lang/String;Ljava/lang/Long;)Ljava/lang/Long;,fr/inria/optimization/cmaes/IntDouble.compare:(Ljava/lang/Object;Ljava/lang/Object;)I,0
fr/inria/optimization/cmaes/CMAOptions.getAllToken:(Ljava/lang/String;)[Ljava/lang/String;,fr/inria/optimization/cmaes/IntDouble.compare:(Ljava/lang/Object;Ljava/lang/Object;)I,0
fr/inria/optimization/cmaes/PrintfFormat.<init>:(Ljava/util/Locale;Ljava/lang/String;)V,fr/inria/optimization/cmaes/PrintfFormat$ConversionSpecification.<init>:(Lfr/inria/optimization/cmaes/PrintfFormat;)V,1
fr/inria/optimization/cmaes/PrintfFormat.<init>:(Ljava/util/Locale;Ljava/lang/String;)V,fr/inria/optimization/cmaes/PrintfFormat$ConversionSpecification.<init>:(Lfr/inria/optimization/cmaes/PrintfFormat;)V,1
fr/inria/optimization/cmaes/PrintfFormat.sprintf:(I)Ljava/lang/String;,fr/inria/optimization/cmaes/PrintfFormat$ConversionSpecification.getLiteral:()Ljava/lang/String;,1
fr/inria/optimization/cmaes/PrintfFormat.sprintf:(J)Ljava/lang/String;,fr/inria/optimization/cmaes/PrintfFormat$ConversionSpecification.getLiteral:()Ljava/lang/String;,1
fr/inria/optimization/cmaes/PrintfFormat.sprintf:(D)Ljava/lang/String;,fr/inria/optimization/cmaes/PrintfFormat$ConversionSpecification.getLiteral:()Ljava/lang/String;,1
fr/inria/optimization/cmaes/PrintfFormat$ConversionSpecification.fFormatString:(D)Ljava/lang/String;,fr/inria/optimization/cmaes/PrintfFormat$ConversionSpecification.fFormatDigits:(D)[C,1
fr/inria/optimization/cmaes/PrintfFormat$ConversionSpecification.printFFormat:(D)Ljava/lang/String;,fr/inria/optimization/cmaes/PrintfFormat$ConversionSpecification.fFormatString:(D)Ljava/lang/String;,1
fr/inria/optimization/cmaes/PrintfFormat$ConversionSpecification.printGFormat:(D)Ljava/lang/String;,fr/inria/optimization/cmaes/PrintfFormat$ConversionSpecification.fFormatString:(D)Ljava/lang/String;,0
fr/inria/optimization/cmaes/PrintfFormat$ConversionSpecification.printGFormat:(D)Ljava/lang/String;,fr/inria/optimization/cmaes/PrintfFormat$ConversionSpecification.fFormatString:(D)Ljava/lang/String;,0
fr/inria/optimization/cmaes/PrintfFormat$ConversionSpecification.eFormatString:(DC)Ljava/lang/String;,fr/inria/optimization/cmaes/PrintfFormat$ConversionSpecification.eFormatDigits:(DC)[C,1
fr/inria/optimization/cmaes/PrintfFormat$ConversionSpecification.fFormatDigits:(D)[C,fr/inria/optimization/cmaes/PrintfFormat$ConversionSpecification.checkForCarry:([CI)Z,1
fr/inria/optimization/cmaes/PrintfFormat$ConversionSpecification.eFormatDigits:(DC)[C,fr/inria/optimization/cmaes/PrintfFormat$ConversionSpecification.checkForCarry:([CI)Z,1
fr/inria/optimization/cmaes/PrintfFormat$ConversionSpecification.fFormatDigits:(D)[C,fr/inria/optimization/cmaes/PrintfFormat$ConversionSpecification.startSymbolicCarry:([CII)Z,1
fr/inria/optimization/cmaes/PrintfFormat$ConversionSpecification.eFormatDigits:(DC)[C,fr/inria/optimization/cmaes/PrintfFormat$ConversionSpecification.startSymbolicCarry:([CII)Z,1
fr/inria/optimization/cmaes/PrintfFormat$ConversionSpecification.printEFormat:(D)Ljava/lang/String;,fr/inria/optimization/cmaes/PrintfFormat$ConversionSpecification.eFormatString:(DC)Ljava/lang/String;,1
fr/inria/optimization/cmaes/PrintfFormat$ConversionSpecification.printEFormat:(D)Ljava/lang/String;,fr/inria/optimization/cmaes/PrintfFormat$ConversionSpecification.eFormatString:(DC)Ljava/lang/String;,0
fr/inria/optimization/cmaes/PrintfFormat$ConversionSpecification.printGFormat:(D)Ljava/lang/String;,fr/inria/optimization/cmaes/PrintfFormat$ConversionSpecification.eFormatString:(DC)Ljava/lang/String;,0
fr/inria/optimization/cmaes/PrintfFormat$ConversionSpecification.printGFormat:(D)Ljava/lang/String;,fr/inria/optimization/cmaes/PrintfFormat$ConversionSpecification.eFormatString:(DC)Ljava/lang/String;,0
fr/inria/optimization/cmaes/PrintfFormat$ConversionSpecification.fFormatString:(D)Ljava/lang/String;,fr/inria/optimization/cmaes/PrintfFormat$ConversionSpecification.applyFloatPadding:([CZ)[C,1
fr/inria/optimization/cmaes/PrintfFormat$ConversionSpecification.eFormatString:(DC)Ljava/lang/String;,fr/inria/optimization/cmaes/PrintfFormat$ConversionSpecification.applyFloatPadding:([CZ)[C,1
fr/inria/optimization/cmaes/PrintfFormat$ConversionSpecification.printGFormat:(D)Ljava/lang/String;,fr/inria/optimization/cmaes/PrintfFormat$ConversionSpecification.applyFloatPadding:([CZ)[C,0
fr/inria/optimization/cmaes/PrintfFormat$ConversionSpecification.internalsprintf:(D)Ljava/lang/String;,fr/inria/optimization/cmaes/PrintfFormat$ConversionSpecification.printEFormat:(D)Ljava/lang/String;,1
fr/inria/optimization/cmaes/PrintfFormat$ConversionSpecification.internalsprintf:(D)Ljava/lang/String;,fr/inria/optimization/cmaes/PrintfFormat$ConversionSpecification.printGFormat:(D)Ljava/lang/String;,0
fr/inria/optimization/cmaes/PrintfFormat$ConversionSpecification.printDFormat:(S)Ljava/lang/String;,fr/inria/optimization/cmaes/PrintfFormat$ConversionSpecification.printDFormat:(Ljava/lang/String;)Ljava/lang/String;,0
fr/inria/optimization/cmaes/PrintfFormat$ConversionSpecification.printDFormat:(J)Ljava/lang/String;,fr/inria/optimization/cmaes/PrintfFormat$ConversionSpecification.printDFormat:(Ljava/lang/String;)Ljava/lang/String;,0
fr/inria/optimization/cmaes/PrintfFormat$ConversionSpecification.printDFormat:(I)Ljava/lang/String;,fr/inria/optimization/cmaes/PrintfFormat$ConversionSpecification.printDFormat:(Ljava/lang/String;)Ljava/lang/String;,1
fr/inria/optimization/cmaes/PrintfFormat$ConversionSpecification.internalsprintf:(I)Ljava/lang/String;,fr/inria/optimization/cmaes/PrintfFormat$ConversionSpecification.printXFormat:(S)Ljava/lang/String;,0
fr/inria/optimization/cmaes/PrintfFormat$ConversionSpecification.internalsprintf:(J)Ljava/lang/String;,fr/inria/optimization/cmaes/PrintfFormat$ConversionSpecification.printXFormat:(S)Ljava/lang/String;,0
fr/inria/optimization/cmaes/PrintfFormat$ConversionSpecification.internalsprintf:(I)Ljava/lang/String;,fr/inria/optimization/cmaes/PrintfFormat$ConversionSpecification.printXFormat:(J)Ljava/lang/String;,0
fr/inria/optimization/cmaes/PrintfFormat$ConversionSpecification.internalsprintf:(J)Ljava/lang/String;,fr/inria/optimization/cmaes/PrintfFormat$ConversionSpecification.printXFormat:(J)Ljava/lang/String;,0
fr/inria/optimization/cmaes/PrintfFormat$ConversionSpecification.internalsprintf:(I)Ljava/lang/String;,fr/inria/optimization/cmaes/PrintfFormat$ConversionSpecification.printXFormat:(I)Ljava/lang/String;,0
fr/inria/optimization/cmaes/PrintfFormat$ConversionSpecification.internalsprintf:(J)Ljava/lang/String;,fr/inria/optimization/cmaes/PrintfFormat$ConversionSpecification.printXFormat:(I)Ljava/lang/String;,0
fr/inria/optimization/cmaes/PrintfFormat$ConversionSpecification.printXFormat:(S)Ljava/lang/String;,fr/inria/optimization/cmaes/PrintfFormat$ConversionSpecification.printXFormat:(Ljava/lang/String;)Ljava/lang/String;,0
fr/inria/optimization/cmaes/PrintfFormat$ConversionSpecification.printXFormat:(J)Ljava/lang/String;,fr/inria/optimization/cmaes/PrintfFormat$ConversionSpecification.printXFormat:(Ljava/lang/String;)Ljava/lang/String;,0
fr/inria/optimization/cmaes/PrintfFormat$ConversionSpecification.printXFormat:(I)Ljava/lang/String;,fr/inria/optimization/cmaes/PrintfFormat$ConversionSpecification.printXFormat:(Ljava/lang/String;)Ljava/lang/String;,0
fr/inria/optimization/cmaes/PrintfFormat$ConversionSpecification.internalsprintf:(I)Ljava/lang/String;,fr/inria/optimization/cmaes/PrintfFormat$ConversionSpecification.printOFormat:(S)Ljava/lang/String;,0
fr/inria/optimization/cmaes/PrintfFormat$ConversionSpecification.internalsprintf:(J)Ljava/lang/String;,fr/inria/optimization/cmaes/PrintfFormat$ConversionSpecification.printOFormat:(S)Ljava/lang/String;,0
fr/inria/optimization/cmaes/PrintfFormat$ConversionSpecification.internalsprintf:(I)Ljava/lang/String;,fr/inria/optimization/cmaes/PrintfFormat$ConversionSpecification.printOFormat:(J)Ljava/lang/String;,0
fr/inria/optimization/cmaes/PrintfFormat$ConversionSpecification.internalsprintf:(J)Ljava/lang/String;,fr/inria/optimization/cmaes/PrintfFormat$ConversionSpecification.printOFormat:(J)Ljava/lang/String;,0
fr/inria/optimization/cmaes/PrintfFormat$ConversionSpecification.internalsprintf:(I)Ljava/lang/String;,fr/inria/optimization/cmaes/PrintfFormat$ConversionSpecification.printOFormat:(I)Ljava/lang/String;,0
fr/inria/optimization/cmaes/PrintfFormat$ConversionSpecification.internalsprintf:(J)Ljava/lang/String;,fr/inria/optimization/cmaes/PrintfFormat$ConversionSpecification.printOFormat:(I)Ljava/lang/String;,0
fr/inria/optimization/cmaes/PrintfFormat$ConversionSpecification.printOFormat:(S)Ljava/lang/String;,fr/inria/optimization/cmaes/PrintfFormat$ConversionSpecification.printOFormat:(Ljava/lang/String;)Ljava/lang/String;,0
fr/inria/optimization/cmaes/PrintfFormat$ConversionSpecification.printOFormat:(J)Ljava/lang/String;,fr/inria/optimization/cmaes/PrintfFormat$ConversionSpecification.printOFormat:(Ljava/lang/String;)Ljava/lang/String;,0
fr/inria/optimization/cmaes/PrintfFormat$ConversionSpecification.printOFormat:(I)Ljava/lang/String;,fr/inria/optimization/cmaes/PrintfFormat$ConversionSpecification.printOFormat:(Ljava/lang/String;)Ljava/lang/String;,0
fr/inria/optimization/cmaes/PrintfFormat$ConversionSpecification.internalsprintf:(I)Ljava/lang/String;,fr/inria/optimization/cmaes/PrintfFormat$ConversionSpecification.printCFormat:(C)Ljava/lang/String;,0
fr/inria/optimization/cmaes/PrintfFormat$ConversionSpecification.internalsprintf:(J)Ljava/lang/String;,fr/inria/optimization/cmaes/PrintfFormat$ConversionSpecification.printCFormat:(C)Ljava/lang/String;,0
fr/inria/optimization/cmaes/PrintfFormat$ConversionSpecification.<init>:(Lfr/inria/optimization/cmaes/PrintfFormat;Ljava/lang/String;)V,fr/inria/optimization/cmaes/PrintfFormat$ConversionSpecification.setConversionCharacter:()Z,1
fr/inria/optimization/cmaes/PrintfFormat$ConversionSpecification.<init>:(Lfr/inria/optimization/cmaes/PrintfFormat;Ljava/lang/String;)V,fr/inria/optimization/cmaes/PrintfFormat$ConversionSpecification.setOptionalHL:()V,1
fr/inria/optimization/cmaes/PrintfFormat$ConversionSpecification.<init>:(Lfr/inria/optimization/cmaes/PrintfFormat;Ljava/lang/String;)V,fr/inria/optimization/cmaes/PrintfFormat$ConversionSpecification.setPrecision:()V,1
fr/inria/optimization/cmaes/PrintfFormat$ConversionSpecification.<init>:(Lfr/inria/optimization/cmaes/PrintfFormat;Ljava/lang/String;)V,fr/inria/optimization/cmaes/PrintfFormat$ConversionSpecification.setFieldWidth:()V,1
fr/inria/optimization/cmaes/PrintfFormat$ConversionSpecification.<init>:(Lfr/inria/optimization/cmaes/PrintfFormat;Ljava/lang/String;)V,fr/inria/optimization/cmaes/PrintfFormat$ConversionSpecification.setArgPosition:()V,1
fr/inria/optimization/cmaes/PrintfFormat$ConversionSpecification.setFieldWidth:()V,fr/inria/optimization/cmaes/PrintfFormat$ConversionSpecification.setFieldWidthArgPosition:()Z,0
fr/inria/optimization/cmaes/PrintfFormat$ConversionSpecification.setPrecision:()V,fr/inria/optimization/cmaes/PrintfFormat$ConversionSpecification.setPrecisionArgPosition:()Z,0
fr/inria/optimization/cmaes/PrintfFormat$ConversionSpecification.<init>:(Lfr/inria/optimization/cmaes/PrintfFormat;Ljava/lang/String;)V,fr/inria/optimization/cmaes/PrintfFormat$ConversionSpecification.setFlagCharacters:()V,1
fr/inria/optimization/cmaes/CMAEvolutionStrategy.samplePopulation:()[[D,fr/inria/optimization/cmaes/CMAEvolutionStrategy.testAndCorrectNumerics:()V,1
fr/inria/optimization/cmaes/examples/CMAExample1.main:([Ljava/lang/String;)V,fr/inria/optimization/cmaes/CMAEvolutionStrategy.<init>:()V,1
fr/inria/optimization/cmaes/CMAParameters.error:(Ljava/lang/String;)V,fr/inria/optimization/cmaes/CMAEvolutionStrategy.<init>:()V,0
fr/inria/optimization/cmaes/CMAEvolutionStrategy.expandToDimension:([DI)[D,fr/inria/optimization/cmaes/CMAEvolutionStrategy.getArrayOf:(DI)[D,1
fr/inria/optimization/cmaes/examples/CMAExample1.main:([Ljava/lang/String;)V,fr/inria/optimization/cmaes/CMAEvolutionStrategy.init:()[D,1
fr/inria/optimization/cmaes/CMAEvolutionStrategy.samplePopulation:()[[D,fr/inria/optimization/cmaes/CMAEvolutionStrategy.init:()[D,0
fr/inria/optimization/cmaes/CMAEvolutionStrategy.samplePopulation:()[[D,fr/inria/optimization/cmaes/CMAEvolutionStrategy.eigendecomposition:(I)V,1
fr/inria/optimization/cmaes/CMAEvolutionStrategy.eigendecomposition:(I)V,fr/inria/optimization/cmaes/CMAEvolutionStrategy.checkEigenSystem:(I[[D[D[[D)I,0
fr/inria/optimization/cmaes/CMAEvolutionStrategy.eigendecomposition:(I)V,fr/inria/optimization/cmaes/CMAEvolutionStrategy.tred2:(I[[D[D[D)V,1
fr/inria/optimization/cmaes/CMAEvolutionStrategy.eigendecomposition:(I)V,fr/inria/optimization/cmaes/CMAEvolutionStrategy.tql2:(I[D[D[[D)V,1
fr/inria/optimization/cmaes/CMAEvolutionStrategy.samplePopulation:()[[D,fr/inria/optimization/cmaes/CMAEvolutionStrategy.genoPhenoTransformation:([[D[[D)[[D,1
fr/inria/optimization/cmaes/CMAEvolutionStrategy.genoPhenoTransformation:([[D[[D)[[D,fr/inria/optimization/cmaes/CMAEvolutionStrategy.genoPhenoTransformation:([D[D)[D,1
fr/inria/optimization/cmaes/CMAEvolutionStrategy.resampleSingle:(I)[D,fr/inria/optimization/cmaes/CMAEvolutionStrategy.genoPhenoTransformation:([D[D)[D,0
fr/inria/optimization/cmaes/examples/CMAExample1.main:([Ljava/lang/String;)V,fr/inria/optimization/cmaes/CMAEvolutionStrategy.samplePopulation:()[[D,1
fr/inria/optimization/cmaes/examples/CMAExample1.main:([Ljava/lang/String;)V,fr/inria/optimization/cmaes/CMAEvolutionStrategy.resampleSingle:(I)[D,0
fr/inria/optimization/cmaes/examples/CMAExample1.main:([Ljava/lang/String;)V,fr/inria/optimization/cmaes/CMAEvolutionStrategy.updateDistribution:([D)V,1
fr/inria/optimization/cmaes/CMAEvolutionStrategy.updateDistribution:([D)V,fr/inria/optimization/cmaes/CMAEvolutionStrategy.updateDistribution:()V,1
fr/inria/optimization/cmaes/CMAEvolutionStrategy.updateBestEver:([DDJ)V,fr/inria/optimization/cmaes/CMAEvolutionStrategy.assignNew:([D[D)[D,1
fr/inria/optimization/cmaes/CMAEvolutionStrategy.getPrintLine:()Ljava/lang/String;,fr/inria/optimization/cmaes/CMAEvolutionStrategy.getBestFunctionValue:()D,1
fr/inria/optimization/cmaes/examples/CMAExample1.main:([Ljava/lang/String;)V,fr/inria/optimization/cmaes/CMAEvolutionStrategy.getBestFunctionValue:()D,1
fr/inria/optimization/cmaes/CMAEvolutionStrategy.setFromProperties:(Ljava/util/Properties;)V,fr/inria/optimization/cmaes/CMAEvolutionStrategy.setTypicalX:([D)V,0
fr/inria/optimization/cmaes/CMAEvolutionStrategy.setFromProperties:(Ljava/util/Properties;)V,fr/inria/optimization/cmaes/CMAEvolutionStrategy.setInitialStandardDeviations:([D)V,0
fr/inria/optimization/cmaes/CMAEvolutionStrategy.setFromProperties:(Ljava/util/Properties;)V,fr/inria/optimization/cmaes/CMAEvolutionStrategy.setInitialX:([D)V,0
fr/inria/optimization/cmaes/CMAEvolutionStrategy.println:()V,fr/inria/optimization/cmaes/CMAEvolutionStrategy.getPrintLine:()Ljava/lang/String;,1
fr/inria/optimization/cmaes/CMAEvolutionStrategy.warning:(Ljava/lang/String;)V,fr/inria/optimization/cmaes/CMAEvolutionStrategy.println:(Ljava/lang/String;)V,1
fr/inria/optimization/cmaes/CMAEvolutionStrategy.error:(Ljava/lang/String;)V,fr/inria/optimization/cmaes/CMAEvolutionStrategy.println:(Ljava/lang/String;)V,0
fr/inria/optimization/cmaes/CMAEvolutionStrategy.println:()V,fr/inria/optimization/cmaes/CMAEvolutionStrategy.println:(Ljava/lang/String;)V,1
fr/inria/optimization/cmaes/CMAEvolutionStrategy.printlnAnnotation:()V,fr/inria/optimization/cmaes/CMAEvolutionStrategy.println:(Ljava/lang/String;)V,1
fr/inria/optimization/cmaes/CMAEvolutionStrategy.printlnHelloWorld:()V,fr/inria/optimization/cmaes/CMAEvolutionStrategy.println:(Ljava/lang/String;)V,1
fr/inria/optimization/cmaes/examples/CMAExample1.main:([Ljava/lang/String;)V,fr/inria/optimization/cmaes/CMAEvolutionStrategy.println:(Ljava/lang/String;)V,1
fr/inria/optimization/cmaes/examples/CMAExample1.main:([Ljava/lang/String;)V,fr/inria/optimization/cmaes/CMAEvolutionStrategy.println:(Ljava/lang/String;)V,1
fr/inria/optimization/cmaes/examples/CMAExample1.main:([Ljava/lang/String;)V,fr/inria/optimization/cmaes/CMAEvolutionStrategy.println:(Ljava/lang/String;)V,1
fr/inria/optimization/cmaes/CMAEvolutionStrategy.writeToDefaultFiles:(Ljava/lang/String;)V,fr/inria/optimization/cmaes/CMAEvolutionStrategy.getDataRowXRecentBest:()Ljava/lang/String;,1
fr/inria/optimization/cmaes/CMAEvolutionStrategy.writeToDefaultFiles:(Ljava/lang/String;)V,fr/inria/optimization/cmaes/CMAEvolutionStrategy.getDataRowXMean:()Ljava/lang/String;,1
fr/inria/optimization/cmaes/CMAEvolutionStrategy.writeToDefaultFilesHeaders:(Ljava/lang/String;I)V,fr/inria/optimization/cmaes/CMAEvolutionStrategy.getDataRowXMean:()Ljava/lang/String;,1
fr/inria/optimization/cmaes/CMAEvolutionStrategy.writeToDefaultFiles:(Ljava/lang/String;)V,fr/inria/optimization/cmaes/CMAEvolutionStrategy.getDataRowAxlen:()Ljava/lang/String;,1
fr/inria/optimization/cmaes/CMAEvolutionStrategy.writeToDefaultFilesHeaders:(Ljava/lang/String;I)V,fr/inria/optimization/cmaes/CMAEvolutionStrategy.getDataRowAxlen:()Ljava/lang/String;,1
fr/inria/optimization/cmaes/CMAEvolutionStrategy.writeToDefaultFiles:(Ljava/lang/String;)V,fr/inria/optimization/cmaes/CMAEvolutionStrategy.getDataRowStddev:()Ljava/lang/String;,1
fr/inria/optimization/cmaes/CMAEvolutionStrategy.writeToDefaultFilesHeaders:(Ljava/lang/String;I)V,fr/inria/optimization/cmaes/CMAEvolutionStrategy.getDataRowStddev:()Ljava/lang/String;,1
fr/inria/optimization/cmaes/CMAEvolutionStrategy.println:(Ljava/lang/String;)V,fr/inria/optimization/cmaes/CMAEvolutionStrategy.writeToFile:(Ljava/lang/String;Ljava/lang/String;I)V,1
fr/inria/optimization/cmaes/CMAEvolutionStrategy.writeToDefaultFiles:(Ljava/lang/String;)V,fr/inria/optimization/cmaes/CMAEvolutionStrategy.writeToFile:(Ljava/lang/String;Ljava/lang/String;I)V,1
fr/inria/optimization/cmaes/CMAEvolutionStrategy.writeToDefaultFiles:(Ljava/lang/String;)V,fr/inria/optimization/cmaes/CMAEvolutionStrategy.writeToFile:(Ljava/lang/String;Ljava/lang/String;I)V,1
fr/inria/optimization/cmaes/CMAEvolutionStrategy.writeToDefaultFiles:(Ljava/lang/String;)V,fr/inria/optimization/cmaes/CMAEvolutionStrategy.writeToFile:(Ljava/lang/String;Ljava/lang/String;I)V,1
fr/inria/optimization/cmaes/CMAEvolutionStrategy.writeToDefaultFiles:(Ljava/lang/String;)V,fr/inria/optimization/cmaes/CMAEvolutionStrategy.writeToFile:(Ljava/lang/String;Ljava/lang/String;I)V,1
fr/inria/optimization/cmaes/CMAEvolutionStrategy.writeToDefaultFiles:(Ljava/lang/String;)V,fr/inria/optimization/cmaes/CMAEvolutionStrategy.writeToFile:(Ljava/lang/String;Ljava/lang/String;I)V,1
fr/inria/optimization/cmaes/CMAEvolutionStrategy.writeToDefaultFilesHeaders:(Ljava/lang/String;I)V,fr/inria/optimization/cmaes/CMAEvolutionStrategy.writeToFile:(Ljava/lang/String;Ljava/lang/String;I)V,1
fr/inria/optimization/cmaes/CMAEvolutionStrategy.writeToDefaultFilesHeaders:(Ljava/lang/String;I)V,fr/inria/optimization/cmaes/CMAEvolutionStrategy.writeToFile:(Ljava/lang/String;Ljava/lang/String;I)V,1
fr/inria/optimization/cmaes/CMAEvolutionStrategy.writeToDefaultFilesHeaders:(Ljava/lang/String;I)V,fr/inria/optimization/cmaes/CMAEvolutionStrategy.writeToFile:(Ljava/lang/String;Ljava/lang/String;I)V,1
fr/inria/optimization/cmaes/CMAEvolutionStrategy.writeToDefaultFilesHeaders:(Ljava/lang/String;I)V,fr/inria/optimization/cmaes/CMAEvolutionStrategy.writeToFile:(Ljava/lang/String;Ljava/lang/String;I)V,1
fr/inria/optimization/cmaes/CMAEvolutionStrategy.writeToDefaultFilesHeaders:(Ljava/lang/String;I)V,fr/inria/optimization/cmaes/CMAEvolutionStrategy.writeToFile:(Ljava/lang/String;Ljava/lang/String;I)V,1
fr/inria/optimization/cmaes/CMAEvolutionStrategy.writeToDefaultFilesHeaders:(Ljava/lang/String;I)V,fr/inria/optimization/cmaes/CMAEvolutionStrategy.writeToFile:(Ljava/lang/String;Ljava/lang/String;I)V,1
fr/inria/optimization/cmaes/CMAEvolutionStrategy.writeToDefaultFilesHeaders:(Ljava/lang/String;I)V,fr/inria/optimization/cmaes/CMAEvolutionStrategy.writeToFile:(Ljava/lang/String;Ljava/lang/String;I)V,1
fr/inria/optimization/cmaes/CMAEvolutionStrategy.writeToDefaultFilesHeaders:(Ljava/lang/String;I)V,fr/inria/optimization/cmaes/CMAEvolutionStrategy.writeToFile:(Ljava/lang/String;Ljava/lang/String;I)V,1
fr/inria/optimization/cmaes/examples/CMAExample1.main:([Ljava/lang/String;)V,fr/inria/optimization/cmaes/CMAEvolutionStrategy.writeToDefaultFiles:(I)V,1
fr/inria/optimization/cmaes/CMAEvolutionStrategy.writeToDefaultFiles:()V,fr/inria/optimization/cmaes/CMAEvolutionStrategy.writeToDefaultFiles:(Ljava/lang/String;)V,1
fr/inria/optimization/cmaes/CMAEvolutionStrategy.writeToDefaultFiles:(I)V,fr/inria/optimization/cmaes/CMAEvolutionStrategy.writeToDefaultFiles:(Ljava/lang/String;)V,1
fr/inria/optimization/cmaes/CMAEvolutionStrategy.writeToDefaultFilesHeaders:(I)V,fr/inria/optimization/cmaes/CMAEvolutionStrategy.writeToDefaultFilesHeaders:(Ljava/lang/String;I)V,1
fr/inria/optimization/cmaes/IntDouble.compare:(Ljava/lang/Object;Ljava/lang/Object;)I,fr/inria/optimization/cmaes/IntDouble.compare:(Lfr/inria/optimization/cmaes/IntDouble;Lfr/inria/optimization/cmaes/IntDouble;)I,1
fr/inria/optimization/cmaes/CMAEvolutionStrategy$MyMath.max:([Lfr/inria/optimization/cmaes/IntDouble;)Lfr/inria/optimization/cmaes/IntDouble;,fr/inria/optimization/cmaes/IntDouble.compare:(Lfr/inria/optimization/cmaes/IntDouble;Lfr/inria/optimization/cmaes/IntDouble;)I,1
fr/inria/optimization/cmaes/CMAEvolutionStrategy$MyMath.min:([Lfr/inria/optimization/cmaes/IntDouble;)Lfr/inria/optimization/cmaes/IntDouble;,fr/inria/optimization/cmaes/IntDouble.compare:(Lfr/inria/optimization/cmaes/IntDouble;Lfr/inria/optimization/cmaes/IntDouble;)I,1
fr/inria/optimization/cmaes/CMAEvolutionStrategy.helloWorld:()Ljava/lang/String;,fr/inria/optimization/cmaes/IntDouble.compare:(Ljava/lang/Object;Ljava/lang/Object;)I,0
fr/inria/optimization/cmaes/CMAEvolutionStrategy.writeToDefaultFilesHeaders:(Ljava/lang/String;I)V,fr/inria/optimization/cmaes/IntDouble.compare:(Ljava/lang/Object;Ljava/lang/Object;)I,0
fr/inria/optimization/cmaes/CMAEvolutionStrategy.writeToFile:(Ljava/lang/String;Ljava/lang/String;I)V,fr/inria/optimization/cmaes/IntDouble.compare:(Ljava/lang/Object;Ljava/lang/Object;)I,0
fr/inria/optimization/cmaes/CMAEvolutionStrategy.writeToFile:(Ljava/lang/String;Ljava/lang/String;I)V,fr/inria/optimization/cmaes/IntDouble.compare:(Ljava/lang/Object;Ljava/lang/Object;)I,0
fr/inria/optimization/cmaes/CMAEvolutionStrategy.writeToFile:(Ljava/lang/String;Ljava/lang/String;I)V,fr/inria/optimization/cmaes/IntDouble.compare:(Ljava/lang/Object;Ljava/lang/Object;)I,0
fr/inria/optimization/cmaes/CMAEvolutionStrategy.writeToFile:(Ljava/lang/String;Ljava/lang/String;I)V,fr/inria/optimization/cmaes/IntDouble.compare:(Ljava/lang/Object;Ljava/lang/Object;)I,0
fr/inria/optimization/cmaes/CMAEvolutionStrategy.writeToFile:(Ljava/lang/String;Ljava/lang/String;I)V,fr/inria/optimization/cmaes/IntDouble.compare:(Ljava/lang/Object;Ljava/lang/Object;)I,0
fr/inria/optimization/cmaes/CMAEvolutionStrategy.<init>:()V,fr/inria/optimization/cmaes/CMAEvolutionStrategy$Timing.<init>:(Lfr/inria/optimization/cmaes/CMAEvolutionStrategy;)V,1
fr/inria/optimization/cmaes/PrintfFormat.<init>:(Ljava/util/Locale;Ljava/lang/String;)V,fr/inria/optimization/cmaes/IntDouble.compare:(Ljava/lang/Object;Ljava/lang/Object;)I,0
fr/inria/optimization/cmaes/CMAEvolutionStrategy.<init>:()V,fr/inria/optimization/cmaes/CMAOptions.<init>:()V,1
fr/inria/optimization/cmaes/CMAOptions.getFirstToken:(Ljava/lang/String;Ljava/lang/Long;)Ljava/lang/Long;,fr/inria/optimization/cmaes/CMAOptions.removeComments:(Ljava/lang/String;)Ljava/lang/String;,0
fr/inria/optimization/cmaes/CMAOptions.getAllToken:(Ljava/lang/String;)[Ljava/lang/String;,fr/inria/optimization/cmaes/CMAOptions.removeComments:(Ljava/lang/String;)Ljava/lang/String;,0
fr/inria/optimization/cmaes/CMAEvolutionStrategy.setFromProperties:(Ljava/util/Properties;)V,fr/inria/optimization/cmaes/CMAOptions.parseDouble:([Ljava/lang/String;)[D,0
fr/inria/optimization/cmaes/CMAEvolutionStrategy.setFromProperties:(Ljava/util/Properties;)V,fr/inria/optimization/cmaes/CMAOptions.parseDouble:([Ljava/lang/String;)[D,0
fr/inria/optimization/cmaes/CMAEvolutionStrategy.setFromProperties:(Ljava/util/Properties;)V,fr/inria/optimization/cmaes/CMAOptions.parseDouble:([Ljava/lang/String;)[D,0
fr/inria/optimization/cmaes/CMAOptions.setOptions:(Ljava/util/Properties;)V,fr/inria/optimization/cmaes/CMAOptions.parseDouble:([Ljava/lang/String;)[D,0
fr/inria/optimization/cmaes/CMAOptions.setOptions:(Ljava/util/Properties;)V,fr/inria/optimization/cmaes/CMAOptions.parseDouble:([Ljava/lang/String;)[D,0
fr/inria/optimization/cmaes/CMAEvolutionStrategy$StopCondition.test:()I,fr/inria/optimization/cmaes/CMAEvolutionStrategy$MyMath.max:([D)D,1
fr/inria/optimization/cmaes/CMAEvolutionStrategy$StopCondition.test:()I,fr/inria/optimization/cmaes/CMAEvolutionStrategy$MyMath.max:([D)D,1
fr/inria/optimization/cmaes/CMAEvolutionStrategy$StopCondition.test:()I,fr/inria/optimization/cmaes/CMAEvolutionStrategy$MyMath.max:([D)D,0
fr/inria/optimization/cmaes/CMAEvolutionStrategy$StopCondition.test:()I,fr/inria/optimization/cmaes/CMAEvolutionStrategy$MyMath.max:([D)D,1
fr/inria/optimization/cmaes/CMAEvolutionStrategy.testAndCorrectNumerics:()V,fr/inria/optimization/cmaes/CMAEvolutionStrategy$MyMath.max:([D)D,1
fr/inria/optimization/cmaes/CMAEvolutionStrategy.testAndCorrectNumerics:()V,fr/inria/optimization/cmaes/CMAEvolutionStrategy$MyMath.max:([D)D,0
fr/inria/optimization/cmaes/CMAEvolutionStrategy.init:()[D,fr/inria/optimization/cmaes/CMAEvolutionStrategy$MyMath.max:([D)D,0
fr/inria/optimization/cmaes/CMAEvolutionStrategy.init:()[D,fr/inria/optimization/cmaes/CMAEvolutionStrategy$MyMath.max:([D)D,1
fr/inria/optimization/cmaes/CMAEvolutionStrategy.init:()[D,fr/inria/optimization/cmaes/CMAEvolutionStrategy$MyMath.max:([D)D,0
fr/inria/optimization/cmaes/CMAEvolutionStrategy.init:()[D,fr/inria/optimization/cmaes/CMAEvolutionStrategy$MyMath.max:([D)D,1
fr/inria/optimization/cmaes/CMAEvolutionStrategy.eigendecomposition:(I)V,fr/inria/optimization/cmaes/CMAEvolutionStrategy$MyMath.max:([D)D,1
fr/inria/optimization/cmaes/CMAEvolutionStrategy.updateDistribution:()V,fr/inria/optimization/cmaes/CMAEvolutionStrategy$MyMath.max:([D)D,1
fr/inria/optimization/cmaes/CMAEvolutionStrategy.tql2:(I[D[D[[D)V,fr/inria/optimization/cmaes/CMAEvolutionStrategy$MyMath.hypot:(DD)D,1
fr/inria/optimization/cmaes/CMAEvolutionStrategy.tql2:(I[D[D[[D)V,fr/inria/optimization/cmaes/CMAEvolutionStrategy$MyMath.hypot:(DD)D,1
fr/inria/optimization/cmaes/CMAEvolutionStrategy$MyMath.minidx:([D)I,fr/inria/optimization/cmaes/CMAEvolutionStrategy$MyMath.minidx:([DI)I,1
fr/inria/optimization/cmaes/CMAEvolutionStrategy.getPrintLine:()Ljava/lang/String;,fr/inria/optimization/cmaes/CMAEvolutionStrategy$MyMath.maxidx:([D)I,1
fr/inria/optimization/cmaes/CMAEvolutionStrategy.getDataRowFitness:()Ljava/lang/String;,fr/inria/optimization/cmaes/CMAEvolutionStrategy$MyMath.maxidx:([D)I,1
fr/inria/optimization/cmaes/CMAEvolutionStrategy.getDataRowStddev:()Ljava/lang/String;,fr/inria/optimization/cmaes/CMAEvolutionStrategy$MyMath.maxidx:([D)I,1
fr/inria/optimization/cmaes/CMAEvolutionStrategy$StopCondition.test:()I,fr/inria/optimization/cmaes/CMAEvolutionStrategy$MyMath.min:([D)D,1
fr/inria/optimization/cmaes/CMAEvolutionStrategy$StopCondition.test:()I,fr/inria/optimization/cmaes/CMAEvolutionStrategy$MyMath.min:([D)D,1
fr/inria/optimization/cmaes/CMAEvolutionStrategy$StopCondition.test:()I,fr/inria/optimization/cmaes/CMAEvolutionStrategy$MyMath.min:([D)D,1
fr/inria/optimization/cmaes/CMAEvolutionStrategy$StopCondition.test:()I,fr/inria/optimization/cmaes/CMAEvolutionStrategy$MyMath.min:([D)D,1
fr/inria/optimization/cmaes/CMAEvolutionStrategy.testAndCorrectNumerics:()V,fr/inria/optimization/cmaes/CMAEvolutionStrategy$MyMath.min:([D)D,1
fr/inria/optimization/cmaes/CMAEvolutionStrategy.testAndCorrectNumerics:()V,fr/inria/optimization/cmaes/CMAEvolutionStrategy$MyMath.min:([D)D,0
fr/inria/optimization/cmaes/CMAEvolutionStrategy.init:()[D,fr/inria/optimization/cmaes/CMAEvolutionStrategy$MyMath.min:([D)D,1
fr/inria/optimization/cmaes/CMAEvolutionStrategy.init:()[D,fr/inria/optimization/cmaes/CMAEvolutionStrategy$MyMath.min:([D)D,1
fr/inria/optimization/cmaes/CMAEvolutionStrategy.init:()[D,fr/inria/optimization/cmaes/CMAEvolutionStrategy$MyMath.min:([D)D,0
fr/inria/optimization/cmaes/CMAEvolutionStrategy.init:()[D,fr/inria/optimization/cmaes/CMAEvolutionStrategy$MyMath.min:([D)D,1
fr/inria/optimization/cmaes/CMAEvolutionStrategy.eigendecomposition:(I)V,fr/inria/optimization/cmaes/CMAEvolutionStrategy$MyMath.min:([D)D,1
fr/inria/optimization/cmaes/CMAEvolutionStrategy.eigendecomposition:(I)V,fr/inria/optimization/cmaes/CMAEvolutionStrategy$MyMath.min:([D)D,1
fr/inria/optimization/cmaes/CMAEvolutionStrategy.updateDistribution:()V,fr/inria/optimization/cmaes/CMAEvolutionStrategy$MyMath.min:([D)D,1
fr/inria/optimization/cmaes/CMAEvolutionStrategy.getPrintLine:()Ljava/lang/String;,fr/inria/optimization/cmaes/CMAEvolutionStrategy$MyMath.min:([D)D,1
fr/inria/optimization/cmaes/CMAEvolutionStrategy.getDataRowFitness:()Ljava/lang/String;,fr/inria/optimization/cmaes/CMAEvolutionStrategy$MyMath.min:([D)D,1
fr/inria/optimization/cmaes/CMAEvolutionStrategy.updateDistribution:([D)V,fr/inria/optimization/cmaes/CMAEvolutionStrategy$MyMath.max:([Lfr/inria/optimization/cmaes/IntDouble;)Lfr/inria/optimization/cmaes/IntDouble;,1
fr/inria/optimization/cmaes/CMAEvolutionStrategy.updateDistribution:([D)V,fr/inria/optimization/cmaes/CMAEvolutionStrategy$MyMath.min:([Lfr/inria/optimization/cmaes/IntDouble;)Lfr/inria/optimization/cmaes/IntDouble;,1
fr/inria/optimization/cmaes/CMAEvolutionStrategy.updateDistribution:([D)V,fr/inria/optimization/cmaes/CMAEvolutionStrategy$MyMath.min:([Lfr/inria/optimization/cmaes/IntDouble;)Lfr/inria/optimization/cmaes/IntDouble;,1
fr/inria/optimization/cmaes/CMAEvolutionStrategy.init:()[D,fr/inria/optimization/cmaes/CMAEvolutionStrategy$MyMath.diag:([[D)[D,1
fr/inria/optimization/cmaes/CMAEvolutionStrategy.init:()[D,fr/inria/optimization/cmaes/CMAEvolutionStrategy$MyMath.diag:([[D)[D,1
fr/inria/optimization/cmaes/CMAEvolutionStrategy.updateDistribution:()V,fr/inria/optimization/cmaes/CMAEvolutionStrategy$MyMath.diag:([[D)[D,1
fr/inria/optimization/cmaes/CMAEvolutionStrategy.updateDistribution:()V,fr/inria/optimization/cmaes/CMAEvolutionStrategy$MyMath.diag:([[D)[D,1
fr/inria/optimization/cmaes/CMAEvolutionStrategy.getPrintLine:()Ljava/lang/String;,fr/inria/optimization/cmaes/CMAEvolutionStrategy$MyMath.diag:([[D)[D,1
fr/inria/optimization/cmaes/CMAEvolutionStrategy.getPrintLine:()Ljava/lang/String;,fr/inria/optimization/cmaes/CMAEvolutionStrategy$MyMath.diag:([[D)[D,1
fr/inria/optimization/cmaes/CMAEvolutionStrategy.getDataRowFitness:()Ljava/lang/String;,fr/inria/optimization/cmaes/CMAEvolutionStrategy$MyMath.diag:([[D)[D,1
fr/inria/optimization/cmaes/CMAEvolutionStrategy.getDataRowFitness:()Ljava/lang/String;,fr/inria/optimization/cmaes/CMAEvolutionStrategy$MyMath.diag:([[D)[D,1
fr/inria/optimization/cmaes/CMAEvolutionStrategy.getDataRowStddev:()Ljava/lang/String;,fr/inria/optimization/cmaes/CMAEvolutionStrategy$MyMath.diag:([[D)[D,1
fr/inria/optimization/cmaes/CMAEvolutionStrategy.getDataRowStddev:()Ljava/lang/String;,fr/inria/optimization/cmaes/CMAEvolutionStrategy$MyMath.diag:([[D)[D,1
fr/inria/optimization/cmaes/CMAEvolutionStrategy$StopCondition.test:()I,fr/inria/optimization/cmaes/CMAEvolutionStrategy$MyMath.abs:([D)[D,0
fr/inria/optimization/cmaes/CMAEvolutionStrategy.<init>:()V,fr/inria/optimization/cmaes/CMAParameters.<init>:()V,1
fr/inria/optimization/cmaes/CMAEvolutionStrategy.init:()[D,fr/inria/optimization/cmaes/CMAParameters.supplementRemainders:(ILfr/inria/optimization/cmaes/CMAOptions;)V,1
fr/inria/optimization/cmaes/CMAParameters.supplementRemainders:(ILfr/inria/optimization/cmaes/CMAOptions;)V,fr/inria/optimization/cmaes/CMAParameters.setWeights:(ILfr/inria/optimization/cmaes/CMAParameters$RecombinationType;)V,1
fr/inria/optimization/cmaes/CMAParameters.supplementRemainders:(ILfr/inria/optimization/cmaes/CMAOptions;)V,fr/inria/optimization/cmaes/CMAParameters.setWeights:(ILfr/inria/optimization/cmaes/CMAParameters$RecombinationType;)V,0
fr/inria/optimization/cmaes/CMAParameters.setWeights:(ILfr/inria/optimization/cmaes/CMAParameters$RecombinationType;)V,fr/inria/optimization/cmaes/CMAParameters.setWeights:([D)V,1
fr/inria/optimization/cmaes/CMAParameters$RecombinationType.<clinit>:()V,fr/inria/optimization/cmaes/CMAParameters$RecombinationType.<init>:(Ljava/lang/String;I)V,1
fr/inria/optimization/cmaes/CMAParameters$RecombinationType.<clinit>:()V,fr/inria/optimization/cmaes/CMAParameters$RecombinationType.<init>:(Ljava/lang/String;I)V,1
fr/inria/optimization/cmaes/CMAParameters$RecombinationType.<clinit>:()V,fr/inria/optimization/cmaes/CMAParameters$RecombinationType.<init>:(Ljava/lang/String;I)V,1
fr/inria/optimization/cmaes/PrintfFormat.<init>:(Ljava/util/Locale;Ljava/lang/String;)V,fr/inria/optimization/cmaes/PrintfFormat$ConversionSpecification.setLiteral:(Ljava/lang/String;)V,1
fr/inria/optimization/cmaes/PrintfFormat.<init>:(Ljava/util/Locale;Ljava/lang/String;)V,fr/inria/optimization/cmaes/PrintfFormat$ConversionSpecification.setLiteral:(Ljava/lang/String;)V,1
fr/inria/optimization/cmaes/PrintfFormat$ConversionSpecification.internalsprintf:(D)Ljava/lang/String;,fr/inria/optimization/cmaes/PrintfFormat$ConversionSpecification.printFFormat:(D)Ljava/lang/String;,1
fr/inria/optimization/cmaes/PrintfFormat$ConversionSpecification.internalsprintf:(I)Ljava/lang/String;,fr/inria/optimization/cmaes/PrintfFormat$ConversionSpecification.printDFormat:(S)Ljava/lang/String;,0
fr/inria/optimization/cmaes/PrintfFormat$ConversionSpecification.internalsprintf:(J)Ljava/lang/String;,fr/inria/optimization/cmaes/PrintfFormat$ConversionSpecification.printDFormat:(S)Ljava/lang/String;,0
fr/inria/optimization/cmaes/PrintfFormat$ConversionSpecification.internalsprintf:(I)Ljava/lang/String;,fr/inria/optimization/cmaes/PrintfFormat$ConversionSpecification.printDFormat:(J)Ljava/lang/String;,0
fr/inria/optimization/cmaes/PrintfFormat$ConversionSpecification.internalsprintf:(J)Ljava/lang/String;,fr/inria/optimization/cmaes/PrintfFormat$ConversionSpecification.printDFormat:(J)Ljava/lang/String;,0
fr/inria/optimization/cmaes/PrintfFormat$ConversionSpecification.internalsprintf:(I)Ljava/lang/String;,fr/inria/optimization/cmaes/PrintfFormat$ConversionSpecification.printDFormat:(I)Ljava/lang/String;,1
fr/inria/optimization/cmaes/PrintfFormat$ConversionSpecification.internalsprintf:(J)Ljava/lang/String;,fr/inria/optimization/cmaes/PrintfFormat$ConversionSpecification.printDFormat:(I)Ljava/lang/String;,1
fr/inria/optimization/cmaes/CMAEvolutionStrategy.init:()[D,fr/inria/optimization/cmaes/CMAEvolutionStrategy.expandToDimension:([DI)[D,1
fr/inria/optimization/cmaes/CMAEvolutionStrategy.init:()[D,fr/inria/optimization/cmaes/CMAEvolutionStrategy.expandToDimension:([DI)[D,1
fr/inria/optimization/cmaes/CMAEvolutionStrategy.init:()[D,fr/inria/optimization/cmaes/CMAEvolutionStrategy.expandToDimension:([DI)[D,1
fr/inria/optimization/cmaes/CMAEvolutionStrategy.init:()[D,fr/inria/optimization/cmaes/CMAEvolutionStrategy.expandToDimension:([DI)[D,1
fr/inria/optimization/cmaes/CMAEvolutionStrategy.readProperties:()Ljava/util/Properties;,fr/inria/optimization/cmaes/CMAEvolutionStrategy.readProperties:(Ljava/lang/String;)Ljava/util/Properties;,1
fr/inria/optimization/cmaes/CMAEvolutionStrategy.readProperties:(Ljava/lang/String;)Ljava/util/Properties;,fr/inria/optimization/cmaes/CMAEvolutionStrategy.setFromProperties:(Ljava/util/Properties;)V,1
fr/inria/optimization/cmaes/CMAEvolutionStrategy.testAndCorrectNumerics:()V,fr/inria/optimization/cmaes/CMAEvolutionStrategy.warning:(Ljava/lang/String;)V,0
fr/inria/optimization/cmaes/CMAEvolutionStrategy.init:()[D,fr/inria/optimization/cmaes/CMAEvolutionStrategy.warning:(Ljava/lang/String;)V,0
fr/inria/optimization/cmaes/CMAEvolutionStrategy.readProperties:(Ljava/lang/String;)Ljava/util/Properties;,fr/inria/optimization/cmaes/CMAEvolutionStrategy.warning:(Ljava/lang/String;)V,1
fr/inria/optimization/cmaes/CMAEvolutionStrategy.checkEigenSystem:(I[[D[D[[D)I,fr/inria/optimization/cmaes/CMAEvolutionStrategy.warning:(Ljava/lang/String;)V,0
fr/inria/optimization/cmaes/CMAEvolutionStrategy.checkEigenSystem:(I[[D[D[[D)I,fr/inria/optimization/cmaes/CMAEvolutionStrategy.warning:(Ljava/lang/String;)V,0
fr/inria/optimization/cmaes/CMAEvolutionStrategy.setSeed:(J)V,fr/inria/optimization/cmaes/CMAEvolutionStrategy.warning:(Ljava/lang/String;)V,0
fr/inria/optimization/cmaes/CMAEvolutionStrategy.writeToFile:(Ljava/lang/String;Ljava/lang/String;I)V,fr/inria/optimization/cmaes/CMAEvolutionStrategy.warning:(Ljava/lang/String;)V,0
fr/inria/optimization/cmaes/CMAEvolutionStrategy.writeToFile:(Ljava/lang/String;Ljava/lang/String;I)V,fr/inria/optimization/cmaes/CMAEvolutionStrategy.warning:(Ljava/lang/String;)V,0
fr/inria/optimization/cmaes/CMAEvolutionStrategy.expandToDimension:([DI)[D,fr/inria/optimization/cmaes/CMAEvolutionStrategy.error:(Ljava/lang/String;)V,0
fr/inria/optimization/cmaes/CMAEvolutionStrategy.init:()[D,fr/inria/optimization/cmaes/CMAEvolutionStrategy.error:(Ljava/lang/String;)V,0
fr/inria/optimization/cmaes/CMAEvolutionStrategy.init:()[D,fr/inria/optimization/cmaes/CMAEvolutionStrategy.error:(Ljava/lang/String;)V,0
fr/inria/optimization/cmaes/CMAEvolutionStrategy.init:()[D,fr/inria/optimization/cmaes/CMAEvolutionStrategy.error:(Ljava/lang/String;)V,0
fr/inria/optimization/cmaes/CMAEvolutionStrategy.init:()[D,fr/inria/optimization/cmaes/CMAEvolutionStrategy.error:(Ljava/lang/String;)V,0
fr/inria/optimization/cmaes/CMAEvolutionStrategy.init:()[D,fr/inria/optimization/cmaes/CMAEvolutionStrategy.error:(Ljava/lang/String;)V,0
fr/inria/optimization/cmaes/CMAEvolutionStrategy.init:()[D,fr/inria/optimization/cmaes/CMAEvolutionStrategy.error:(Ljava/lang/String;)V,0
fr/inria/optimization/cmaes/CMAEvolutionStrategy.init:()[D,fr/inria/optimization/cmaes/CMAEvolutionStrategy.error:(Ljava/lang/String;)V,0
fr/inria/optimization/cmaes/CMAEvolutionStrategy.init:()[D,fr/inria/optimization/cmaes/CMAEvolutionStrategy.error:(Ljava/lang/String;)V,0
fr/inria/optimization/cmaes/CMAEvolutionStrategy.init:()[D,fr/inria/optimization/cmaes/CMAEvolutionStrategy.error:(Ljava/lang/String;)V,0
fr/inria/optimization/cmaes/CMAEvolutionStrategy.init:()[D,fr/inria/optimization/cmaes/CMAEvolutionStrategy.error:(Ljava/lang/String;)V,0
fr/inria/optimization/cmaes/CMAEvolutionStrategy.init:()[D,fr/inria/optimization/cmaes/CMAEvolutionStrategy.error:(Ljava/lang/String;)V,0
fr/inria/optimization/cmaes/CMAEvolutionStrategy.eigendecomposition:(I)V,fr/inria/optimization/cmaes/CMAEvolutionStrategy.error:(Ljava/lang/String;)V,0
fr/inria/optimization/cmaes/CMAEvolutionStrategy.samplePopulation:()[[D,fr/inria/optimization/cmaes/CMAEvolutionStrategy.error:(Ljava/lang/String;)V,0
fr/inria/optimization/cmaes/CMAEvolutionStrategy.resampleSingle:(I)[D,fr/inria/optimization/cmaes/CMAEvolutionStrategy.error:(Ljava/lang/String;)V,0
fr/inria/optimization/cmaes/CMAEvolutionStrategy.updateDistribution:([D)V,fr/inria/optimization/cmaes/CMAEvolutionStrategy.error:(Ljava/lang/String;)V,0
fr/inria/optimization/cmaes/CMAEvolutionStrategy.updateDistribution:([D)V,fr/inria/optimization/cmaes/CMAEvolutionStrategy.error:(Ljava/lang/String;)V,0
fr/inria/optimization/cmaes/CMAEvolutionStrategy.updateDistribution:()V,fr/inria/optimization/cmaes/CMAEvolutionStrategy.error:(Ljava/lang/String;)V,0
fr/inria/optimization/cmaes/CMAEvolutionStrategy.setDimension:(I)V,fr/inria/optimization/cmaes/CMAEvolutionStrategy.error:(Ljava/lang/String;)V,0
fr/inria/optimization/cmaes/CMAEvolutionStrategy.setTypicalX:(D)V,fr/inria/optimization/cmaes/CMAEvolutionStrategy.error:(Ljava/lang/String;)V,0
fr/inria/optimization/cmaes/CMAEvolutionStrategy.setTypicalX:([D)V,fr/inria/optimization/cmaes/CMAEvolutionStrategy.error:(Ljava/lang/String;)V,0
fr/inria/optimization/cmaes/CMAEvolutionStrategy.setTypicalX:([D)V,fr/inria/optimization/cmaes/CMAEvolutionStrategy.error:(Ljava/lang/String;)V,0
fr/inria/optimization/cmaes/CMAEvolutionStrategy.setInitialStandardDeviation:(D)V,fr/inria/optimization/cmaes/CMAEvolutionStrategy.error:(Ljava/lang/String;)V,0
fr/inria/optimization/cmaes/CMAEvolutionStrategy.setInitialStandardDeviations:([D)V,fr/inria/optimization/cmaes/CMAEvolutionStrategy.error:(Ljava/lang/String;)V,0
fr/inria/optimization/cmaes/CMAEvolutionStrategy.setInitialStandardDeviations:([D)V,fr/inria/optimization/cmaes/CMAEvolutionStrategy.error:(Ljava/lang/String;)V,0
fr/inria/optimization/cmaes/CMAEvolutionStrategy.setInitialX:(D)V,fr/inria/optimization/cmaes/CMAEvolutionStrategy.error:(Ljava/lang/String;)V,0
fr/inria/optimization/cmaes/CMAEvolutionStrategy.setInitialX:([D)V,fr/inria/optimization/cmaes/CMAEvolutionStrategy.error:(Ljava/lang/String;)V,0
fr/inria/optimization/cmaes/CMAEvolutionStrategy.setInitialX:([D)V,fr/inria/optimization/cmaes/CMAEvolutionStrategy.error:(Ljava/lang/String;)V,0
fr/inria/optimization/cmaes/CMAEvolutionStrategy.updateDistribution:()V,fr/inria/optimization/cmaes/CMAEvolutionStrategy.updateBestEver:([DDJ)V,1
fr/inria/optimization/cmaes/CMAEvolutionStrategy.setFitnessOfMeanX:(D)Lfr/inria/optimization/cmaes/CMASolution;,fr/inria/optimization/cmaes/CMAEvolutionStrategy.updateBestEver:([DDJ)V,1
fr/inria/optimization/cmaes/examples/CMAExample1.main:([Ljava/lang/String;)V,fr/inria/optimization/cmaes/CMAEvolutionStrategy.setFitnessOfMeanX:(D)Lfr/inria/optimization/cmaes/CMASolution;,1
fr/inria/optimization/cmaes/CMAEvolutionStrategy.setFromProperties:(Ljava/util/Properties;)V,fr/inria/optimization/cmaes/CMAEvolutionStrategy.setDimension:(I)V,0
fr/inria/optimization/cmaes/CMAEvolutionStrategy.setTypicalX:([D)V,fr/inria/optimization/cmaes/CMAEvolutionStrategy.setDimension:(I)V,0
fr/inria/optimization/cmaes/CMAEvolutionStrategy.setInitialStandardDeviations:([D)V,fr/inria/optimization/cmaes/CMAEvolutionStrategy.setDimension:(I)V,0
fr/inria/optimization/cmaes/CMAEvolutionStrategy.setInitialX:([D)V,fr/inria/optimization/cmaes/CMAEvolutionStrategy.setDimension:(I)V,0
fr/inria/optimization/cmaes/examples/CMAExample1.main:([Ljava/lang/String;)V,fr/inria/optimization/cmaes/CMAEvolutionStrategy.setDimension:(I)V,1
fr/inria/optimization/cmaes/CMAEvolutionStrategy.setTypicalX:([D)V,fr/inria/optimization/cmaes/CMAEvolutionStrategy.setTypicalX:(D)V,0
fr/inria/optimization/cmaes/CMAEvolutionStrategy.setInitialStandardDeviations:([D)V,fr/inria/optimization/cmaes/CMAEvolutionStrategy.setInitialStandardDeviation:(D)V,0
fr/inria/optimization/cmaes/examples/CMAExample1.main:([Ljava/lang/String;)V,fr/inria/optimization/cmaes/CMAEvolutionStrategy.setInitialStandardDeviation:(D)V,1
fr/inria/optimization/cmaes/CMAEvolutionStrategy.setInitialX:([D)V,fr/inria/optimization/cmaes/CMAEvolutionStrategy.setInitialX:(D)V,0
fr/inria/optimization/cmaes/examples/CMAExample1.main:([Ljava/lang/String;)V,fr/inria/optimization/cmaes/CMAEvolutionStrategy.setInitialX:(D)V,1
fr/inria/optimization/cmaes/CMAEvolutionStrategy.setFromProperties:(Ljava/util/Properties;)V,fr/inria/optimization/cmaes/CMAEvolutionStrategy.setSeed:(J)V,0
fr/inria/optimization/cmaes/examples/CMAExample1.main:([Ljava/lang/String;)V,fr/inria/optimization/cmaes/CMAEvolutionStrategy.writeToDefaultFilesHeaders:(I)V,1
fr/inria/optimization/cmaes/CMAEvolutionStrategy.writeToFile:(Ljava/lang/String;Ljava/lang/String;I)V,fr/inria/optimization/cmaes/IntDouble.compare:(Ljava/lang/Object;Ljava/lang/Object;)I,0
fr/inria/optimization/cmaes/CMAEvolutionStrategy.println:(Ljava/lang/String;)V,fr/inria/optimization/cmaes/IntDouble.compare:(Ljava/lang/Object;Ljava/lang/Object;)I,0
fr/inria/optimization/cmaes/CMAParameters.error:(Ljava/lang/String;)V,fr/inria/optimization/cmaes/IntDouble.compare:(Ljava/lang/Object;Ljava/lang/Object;)I,0
fr/inria/optimization/cmaes/PrintfFormat.<init>:(Ljava/util/Locale;Ljava/lang/String;)V,fr/inria/optimization/cmaes/PrintfFormat.nonControl:(Ljava/lang/String;I)Ljava/lang/String;,1
fr/inria/optimization/cmaes/PrintfFormat.<init>:(Ljava/util/Locale;Ljava/lang/String;)V,fr/inria/optimization/cmaes/PrintfFormat.nonControl:(Ljava/lang/String;I)Ljava/lang/String;,1
fr/inria/optimization/cmaes/PrintfFormat$ConversionSpecification.fFormatDigits:(D)[C,fr/inria/optimization/cmaes/PrintfFormat.access$000:(Lfr/inria/optimization/cmaes/PrintfFormat;)Ljava/text/DecimalFormatSymbols;,1
fr/inria/optimization/cmaes/PrintfFormat$ConversionSpecification.fFormatDigits:(D)[C,fr/inria/optimization/cmaes/PrintfFormat.access$000:(Lfr/inria/optimization/cmaes/PrintfFormat;)Ljava/text/DecimalFormatSymbols;,0
fr/inria/optimization/cmaes/PrintfFormat$ConversionSpecification.eFormatDigits:(DC)[C,fr/inria/optimization/cmaes/PrintfFormat.access$000:(Lfr/inria/optimization/cmaes/PrintfFormat;)Ljava/text/DecimalFormatSymbols;,1
fr/inria/optimization/cmaes/PrintfFormat$ConversionSpecification.eFormatDigits:(DC)[C,fr/inria/optimization/cmaes/PrintfFormat.access$000:(Lfr/inria/optimization/cmaes/PrintfFormat;)Ljava/text/DecimalFormatSymbols;,0
fr/inria/optimization/cmaes/CMAEvolutionStrategy.setFromProperties:(Ljava/util/Properties;)V,fr/inria/optimization/cmaes/IntDouble.compare:(Ljava/lang/Object;Ljava/lang/Object;)I,0
fr/inria/optimization/cmaes/CMAEvolutionStrategy.setFromProperties:(Ljava/util/Properties;)V,fr/inria/optimization/cmaes/IntDouble.compare:(Ljava/lang/Object;Ljava/lang/Object;)I,0
fr/inria/optimization/cmaes/CMAEvolutionStrategy.setFromProperties:(Ljava/util/Properties;)V,fr/inria/optimization/cmaes/IntDouble.compare:(Ljava/lang/Object;Ljava/lang/Object;)I,0
fr/inria/optimization/cmaes/CMAEvolutionStrategy.setFromProperties:(Ljava/util/Properties;)V,fr/inria/optimization/cmaes/IntDouble.compare:(Ljava/lang/Object;Ljava/lang/Object;)I,0
fr/inria/optimization/cmaes/CMAEvolutionStrategy.setFromProperties:(Ljava/util/Properties;)V,fr/inria/optimization/cmaes/IntDouble.compare:(Ljava/lang/Object;Ljava/lang/Object;)I,0
fr/inria/optimization/cmaes/CMAEvolutionStrategy.setFromProperties:(Ljava/util/Properties;)V,fr/inria/optimization/cmaes/IntDouble.compare:(Ljava/lang/Object;Ljava/lang/Object;)I,0
fr/inria/optimization/cmaes/CMAEvolutionStrategy.setFromProperties:(Ljava/util/Properties;)V,fr/inria/optimization/cmaes/IntDouble.compare:(Ljava/lang/Object;Ljava/lang/Object;)I,0
fr/inria/optimization/cmaes/CMAOptions.setOptions:(Ljava/util/Properties;)V,fr/inria/optimization/cmaes/IntDouble.compare:(Ljava/lang/Object;Ljava/lang/Object;)I,0
fr/inria/optimization/cmaes/CMAOptions.setOptions:(Ljava/util/Properties;)V,fr/inria/optimization/cmaes/IntDouble.compare:(Ljava/lang/Object;Ljava/lang/Object;)I,0
fr/inria/optimization/cmaes/CMAOptions.setOptions:(Ljava/util/Properties;)V,fr/inria/optimization/cmaes/IntDouble.compare:(Ljava/lang/Object;Ljava/lang/Object;)I,0
fr/inria/optimization/cmaes/CMAOptions.setOptions:(Ljava/util/Properties;)V,fr/inria/optimization/cmaes/IntDouble.compare:(Ljava/lang/Object;Ljava/lang/Object;)I,0
fr/inria/optimization/cmaes/CMAOptions.setOptions:(Ljava/util/Properties;)V,fr/inria/optimization/cmaes/IntDouble.compare:(Ljava/lang/Object;Ljava/lang/Object;)I,0
fr/inria/optimization/cmaes/CMAOptions.setOptions:(Ljava/util/Properties;)V,fr/inria/optimization/cmaes/IntDouble.compare:(Ljava/lang/Object;Ljava/lang/Object;)I,0
fr/inria/optimization/cmaes/CMAOptions.setOptions:(Ljava/util/Properties;)V,fr/inria/optimization/cmaes/IntDouble.compare:(Ljava/lang/Object;Ljava/lang/Object;)I,0
fr/inria/optimization/cmaes/CMAOptions.setOptions:(Ljava/util/Properties;)V,fr/inria/optimization/cmaes/IntDouble.compare:(Ljava/lang/Object;Ljava/lang/Object;)I,0
fr/inria/optimization/cmaes/CMAOptions.setOptions:(Ljava/util/Properties;)V,fr/inria/optimization/cmaes/IntDouble.compare:(Ljava/lang/Object;Ljava/lang/Object;)I,0
fr/inria/optimization/cmaes/CMAOptions.setOptions:(Ljava/util/Properties;)V,fr/inria/optimization/cmaes/IntDouble.compare:(Ljava/lang/Object;Ljava/lang/Object;)I,0
fr/inria/optimization/cmaes/CMAOptions.setOptions:(Ljava/util/Properties;)V,fr/inria/optimization/cmaes/IntDouble.compare:(Ljava/lang/Object;Ljava/lang/Object;)I,0
fr/inria/optimization/cmaes/CMAOptions.setOptions:(Ljava/util/Properties;)V,fr/inria/optimization/cmaes/IntDouble.compare:(Ljava/lang/Object;Ljava/lang/Object;)I,0
fr/inria/optimization/cmaes/CMAOptions.setOptions:(Ljava/util/Properties;)V,fr/inria/optimization/cmaes/IntDouble.compare:(Ljava/lang/Object;Ljava/lang/Object;)I,0
fr/inria/optimization/cmaes/CMAOptions.setOptions:(Ljava/util/Properties;)V,fr/inria/optimization/cmaes/IntDouble.compare:(Ljava/lang/Object;Ljava/lang/Object;)I,0
fr/inria/optimization/cmaes/CMAOptions.setOptions:(Ljava/util/Properties;)V,fr/inria/optimization/cmaes/IntDouble.compare:(Ljava/lang/Object;Ljava/lang/Object;)I,0
fr/inria/optimization/cmaes/CMAOptions.setOptions:(Ljava/util/Properties;)V,fr/inria/optimization/cmaes/IntDouble.compare:(Ljava/lang/Object;Ljava/lang/Object;)I,0
fr/inria/optimization/cmaes/CMAOptions.setOptions:(Ljava/util/Properties;)V,fr/inria/optimization/cmaes/IntDouble.compare:(Ljava/lang/Object;Ljava/lang/Object;)I,0
fr/inria/optimization/cmaes/CMAEvolutionStrategy.setFromProperties:(Ljava/util/Properties;)V,fr/inria/optimization/cmaes/CMAOptions.setOptions:(Ljava/util/Properties;)V,1
fr/inria/optimization/cmaes/CMAOptions.setOptions:(Ljava/util/Properties;)V,fr/inria/optimization/cmaes/CMAOptions.getFirstToken:(Ljava/lang/String;Ljava/lang/Double;)Ljava/lang/Double;,1
fr/inria/optimization/cmaes/CMAOptions.setOptions:(Ljava/util/Properties;)V,fr/inria/optimization/cmaes/CMAOptions.getFirstToken:(Ljava/lang/String;Ljava/lang/Double;)Ljava/lang/Double;,1
fr/inria/optimization/cmaes/CMAOptions.setOptions:(Ljava/util/Properties;)V,fr/inria/optimization/cmaes/CMAOptions.getFirstToken:(Ljava/lang/String;Ljava/lang/Double;)Ljava/lang/Double;,1
fr/inria/optimization/cmaes/CMAOptions.setOptions:(Ljava/util/Properties;)V,fr/inria/optimization/cmaes/CMAOptions.getFirstToken:(Ljava/lang/String;Ljava/lang/Double;)Ljava/lang/Double;,1
fr/inria/optimization/cmaes/CMAOptions.setOptions:(Ljava/util/Properties;)V,fr/inria/optimization/cmaes/CMAOptions.getFirstToken:(Ljava/lang/String;Ljava/lang/Double;)Ljava/lang/Double;,1
fr/inria/optimization/cmaes/CMAOptions.setOptions:(Ljava/util/Properties;)V,fr/inria/optimization/cmaes/CMAOptions.getFirstToken:(Ljava/lang/String;Ljava/lang/Double;)Ljava/lang/Double;,1
fr/inria/optimization/cmaes/CMAOptions.setOptions:(Ljava/util/Properties;)V,fr/inria/optimization/cmaes/CMAOptions.getFirstToken:(Ljava/lang/String;Ljava/lang/Double;)Ljava/lang/Double;,1
fr/inria/optimization/cmaes/CMAEvolutionStrategy.setFromProperties:(Ljava/util/Properties;)V,fr/inria/optimization/cmaes/CMAOptions.getFirstToken:(Ljava/lang/String;)Ljava/lang/String;,0
fr/inria/optimization/cmaes/CMAEvolutionStrategy.setFromProperties:(Ljava/util/Properties;)V,fr/inria/optimization/cmaes/CMAOptions.getFirstToken:(Ljava/lang/String;)Ljava/lang/String;,0
fr/inria/optimization/cmaes/CMAEvolutionStrategy.setFromProperties:(Ljava/util/Properties;)V,fr/inria/optimization/cmaes/CMAOptions.getFirstToken:(Ljava/lang/String;)Ljava/lang/String;,0
fr/inria/optimization/cmaes/CMAEvolutionStrategy.setFromProperties:(Ljava/util/Properties;)V,fr/inria/optimization/cmaes/CMAOptions.getFirstToken:(Ljava/lang/String;)Ljava/lang/String;,0
fr/inria/optimization/cmaes/CMAOptions.setOptions:(Ljava/util/Properties;)V,fr/inria/optimization/cmaes/CMAOptions.getFirstToken:(Ljava/lang/String;)Ljava/lang/String;,0
fr/inria/optimization/cmaes/CMAOptions.setOptions:(Ljava/util/Properties;)V,fr/inria/optimization/cmaes/CMAOptions.getFirstToken:(Ljava/lang/String;)Ljava/lang/String;,1
fr/inria/optimization/cmaes/CMAOptions.setOptions:(Ljava/util/Properties;)V,fr/inria/optimization/cmaes/CMAOptions.getFirstToken:(Ljava/lang/String;Ljava/lang/Integer;)Ljava/lang/Integer;,1
fr/inria/optimization/cmaes/CMAOptions.setOptions:(Ljava/util/Properties;)V,fr/inria/optimization/cmaes/CMAOptions.getFirstToken:(Ljava/lang/String;Ljava/lang/Integer;)Ljava/lang/Integer;,1
fr/inria/optimization/cmaes/CMAOptions.setOptions:(Ljava/util/Properties;)V,fr/inria/optimization/cmaes/CMAOptions.getFirstToken:(Ljava/lang/String;Ljava/lang/Long;)Ljava/lang/Long;,1
fr/inria/optimization/cmaes/CMAOptions.setOptions:(Ljava/util/Properties;)V,fr/inria/optimization/cmaes/CMAOptions.getFirstToken:(Ljava/lang/String;Ljava/lang/Long;)Ljava/lang/Long;,1
fr/inria/optimization/cmaes/CMAOptions.setOptions:(Ljava/util/Properties;)V,fr/inria/optimization/cmaes/CMAOptions.getFirstToken:(Ljava/lang/String;Ljava/lang/Long;)Ljava/lang/Long;,1
fr/inria/optimization/cmaes/CMAEvolutionStrategy.setFromProperties:(Ljava/util/Properties;)V,fr/inria/optimization/cmaes/CMAOptions.getAllToken:(Ljava/lang/String;)[Ljava/lang/String;,0
fr/inria/optimization/cmaes/CMAEvolutionStrategy.setFromProperties:(Ljava/util/Properties;)V,fr/inria/optimization/cmaes/CMAOptions.getAllToken:(Ljava/lang/String;)[Ljava/lang/String;,0
fr/inria/optimization/cmaes/CMAEvolutionStrategy.setFromProperties:(Ljava/util/Properties;)V,fr/inria/optimization/cmaes/CMAOptions.getAllToken:(Ljava/lang/String;)[Ljava/lang/String;,0
fr/inria/optimization/cmaes/CMAOptions.setOptions:(Ljava/util/Properties;)V,fr/inria/optimization/cmaes/CMAOptions.getAllToken:(Ljava/lang/String;)[Ljava/lang/String;,0
fr/inria/optimization/cmaes/CMAOptions.setOptions:(Ljava/util/Properties;)V,fr/inria/optimization/cmaes/CMAOptions.getAllToken:(Ljava/lang/String;)[Ljava/lang/String;,0
fr/inria/optimization/cmaes/CMAEvolutionStrategy.<init>:()V,fr/inria/optimization/cmaes/CMAEvolutionStrategy$MyMath.<init>:(Lfr/inria/optimization/cmaes/CMAEvolutionStrategy;)V,1
fr/inria/optimization/cmaes/CMAEvolutionStrategy.getPrintLine:()Ljava/lang/String;,fr/inria/optimization/cmaes/CMAEvolutionStrategy$MyMath.minidx:([D)I,1
fr/inria/optimization/cmaes/CMAEvolutionStrategy.getDataRowFitness:()Ljava/lang/String;,fr/inria/optimization/cmaes/CMAEvolutionStrategy$MyMath.minidx:([D)I,1
fr/inria/optimization/cmaes/CMAEvolutionStrategy.getDataRowStddev:()Ljava/lang/String;,fr/inria/optimization/cmaes/CMAEvolutionStrategy$MyMath.minidx:([D)I,1
fr/inria/optimization/cmaes/CMAEvolutionStrategy.error:(Ljava/lang/String;)V,fr/inria/optimization/cmaes/CMAEvolutionStrategy$CMAException.<init>:(Lfr/inria/optimization/cmaes/CMAEvolutionStrategy;Ljava/lang/String;)V,0
fr/inria/optimization/cmaes/CMAParameters.error:(Ljava/lang/String;)V,fr/inria/optimization/cmaes/CMAEvolutionStrategy$CMAException.<init>:(Lfr/inria/optimization/cmaes/CMAEvolutionStrategy;Ljava/lang/String;)V,0
fr/inria/optimization/cmaes/CMAParameters.setPopulationSize:(I)V,fr/inria/optimization/cmaes/CMAParameters.setLambda:(I)V,0
fr/inria/optimization/cmaes/CMAEvolutionStrategy.setFromProperties:(Ljava/util/Properties;)V,fr/inria/optimization/cmaes/CMAParameters.setPopulationSize:(I)V,0
fr/inria/optimization/cmaes/CMAEvolutionStrategy.updateDistribution:()V,fr/inria/optimization/cmaes/CMAParameters.getCcov:(Z)D,1
fr/inria/optimization/cmaes/CMAEvolutionStrategy.setFromProperties:(Ljava/util/Properties;)V,fr/inria/optimization/cmaes/CMAParameters.setCcov:(D)V,0
fr/inria/optimization/cmaes/CMAParameters.supplementRemainders:(ILfr/inria/optimization/cmaes/CMAOptions;)V,fr/inria/optimization/cmaes/CMAParameters.error:(Ljava/lang/String;)V,0
fr/inria/optimization/cmaes/CMAParameters.supplementRemainders:(ILfr/inria/optimization/cmaes/CMAOptions;)V,fr/inria/optimization/cmaes/CMAParameters.error:(Ljava/lang/String;)V,0
fr/inria/optimization/cmaes/CMAParameters.supplementRemainders:(ILfr/inria/optimization/cmaes/CMAOptions;)V,fr/inria/optimization/cmaes/CMAParameters.error:(Ljava/lang/String;)V,0
fr/inria/optimization/cmaes/CMAParameters.setLambda:(I)V,fr/inria/optimization/cmaes/CMAParameters.error:(Ljava/lang/String;)V,0
fr/inria/optimization/cmaes/CMAEvolutionStrategy.updateDistribution:()V,fr/inria/optimization/cmaes/IntDouble.compare:(Ljava/lang/Object;Ljava/lang/Object;)I,1
fr/inria/optimization/cmaes/examples/CMAExample1.main:([Ljava/lang/String;)V,fr/inria/optimization/cmaes/examples/Rosenbrock.<init>:()V,1
fr/inria/optimization/cmaes/examples/CMAExample1.main:([Ljava/lang/String;)V,fr/inria/optimization/cmaes/CMAEvolutionStrategy$StopCondition.getNumber:()I,1
fr/inria/optimization/cmaes/CMAEvolutionStrategy.init:()[D,fr/inria/optimization/cmaes/CMAEvolutionStrategy$StopCondition.getMessages:()[Ljava/lang/String;,1
fr/inria/optimization/cmaes/examples/CMAExample1.main:([Ljava/lang/String;)V,fr/inria/optimization/cmaes/CMAEvolutionStrategy$StopCondition.getMessages:()[Ljava/lang/String;,1
fr/inria/optimization/cmaes/PrintfFormat$ConversionSpecification.printXFormat:(Ljava/lang/String;)Ljava/lang/String;,fr/inria/optimization/cmaes/IntDouble.compare:(Ljava/lang/Object;Ljava/lang/Object;)I,0
fr/inria/optimization/cmaes/PrintfFormat.sprintf:(I)Ljava/lang/String;,fr/inria/optimization/cmaes/PrintfFormat$ConversionSpecification.getConversionCharacter:()C,1
fr/inria/optimization/cmaes/PrintfFormat.sprintf:(J)Ljava/lang/String;,fr/inria/optimization/cmaes/PrintfFormat$ConversionSpecification.getConversionCharacter:()C,1
fr/inria/optimization/cmaes/PrintfFormat.sprintf:(D)Ljava/lang/String;,fr/inria/optimization/cmaes/PrintfFormat$ConversionSpecification.getConversionCharacter:()C,1
fr/inria/optimization/cmaes/examples/CMAExample1.main:([Ljava/lang/String;)V,fr/inria/optimization/cmaes/CMAEvolutionStrategy.readProperties:()Ljava/util/Properties;,1
fr/inria/optimization/cmaes/examples/CMAExample1.main:([Ljava/lang/String;)V,fr/inria/optimization/cmaes/CMAEvolutionStrategy.getBestEvaluationNumber:()J,1
fr/inria/optimization/cmaes/examples/CMAExample1.main:([Ljava/lang/String;)V,fr/inria/optimization/cmaes/CMAEvolutionStrategy.getMeanX:()[D,1
fr/inria/optimization/cmaes/CMAEvolutionStrategy.testAndCorrectNumerics:()V,fr/inria/optimization/cmaes/CMAEvolutionStrategy.getCountIter:()J,1
fr/inria/optimization/cmaes/CMAEvolutionStrategy.testAndCorrectNumerics:()V,fr/inria/optimization/cmaes/CMAEvolutionStrategy.getCountIter:()J,1
fr/inria/optimization/cmaes/examples/CMAExample1.main:([Ljava/lang/String;)V,fr/inria/optimization/cmaes/CMAEvolutionStrategy.getCountIter:()J,1
fr/inria/optimization/cmaes/examples/CMAExample1.main:([Ljava/lang/String;)V,fr/inria/optimization/cmaes/CMAEvolutionStrategy.getCountIter:()J,1
fr/inria/optimization/cmaes/CMAEvolutionStrategy.printlnAnnotation:()V,fr/inria/optimization/cmaes/CMAEvolutionStrategy.getPrintAnnotation:()Ljava/lang/String;,1
fr/inria/optimization/cmaes/CMAEvolutionStrategy.printlnHelloWorld:()V,fr/inria/optimization/cmaes/CMAEvolutionStrategy.helloWorld:()Ljava/lang/String;,1
fr/inria/optimization/cmaes/examples/CMAExample1.main:([Ljava/lang/String;)V,fr/inria/optimization/cmaes/CMAEvolutionStrategy.println:()V,1
fr/inria/optimization/cmaes/examples/CMAExample1.main:([Ljava/lang/String;)V,fr/inria/optimization/cmaes/CMAEvolutionStrategy.println:()V,1
fr/inria/optimization/cmaes/examples/CMAExample1.main:([Ljava/lang/String;)V,fr/inria/optimization/cmaes/CMAEvolutionStrategy.printlnAnnotation:()V,1
fr/inria/optimization/cmaes/CMAEvolutionStrategy.init:()[D,fr/inria/optimization/cmaes/CMAEvolutionStrategy.printlnHelloWorld:()V,1
fr/inria/optimization/cmaes/CMAEvolutionStrategy.writeToDefaultFiles:(Ljava/lang/String;)V,fr/inria/optimization/cmaes/CMAEvolutionStrategy.getDataRowFitness:()Ljava/lang/String;,1
fr/inria/optimization/cmaes/examples/CMAExample1.main:([Ljava/lang/String;)V,fr/inria/optimization/cmaes/CMAEvolutionStrategy.writeToDefaultFiles:()V,1
fr/inria/optimization/cmaes/CMAEvolutionStrategy.init:()[D,fr/inria/optimization/cmaes/IntDouble.<init>:()V,1
fr/inria/optimization/cmaes/CMAEvolutionStrategy.init:()[D,fr/inria/optimization/cmaes/IntDouble.<init>:()V,1
fr/inria/optimization/cmaes/CMAEvolutionStrategy.<clinit>:()V,fr/inria/optimization/cmaes/IntDouble.compare:(Ljava/lang/Object;Ljava/lang/Object;)I,0
fr/inria/optimization/cmaes/CMAParameters.<clinit>:()V,fr/inria/optimization/cmaes/IntDouble.compare:(Ljava/lang/Object;Ljava/lang/Object;)I,0
fr/inria/optimization/cmaes/CMAParameters.supplementRemainders:(ILfr/inria/optimization/cmaes/CMAOptions;)V,fr/inria/optimization/cmaes/CMAParameters.check:()Ljava/lang/String;,1
fr/inria/optimization/cmaes/CMAEvolutionStrategy.updateDistribution:()V,fr/inria/optimization/cmaes/CMAParameters.getMu:()I,1
fr/inria/optimization/cmaes/CMAEvolutionStrategy.updateDistribution:()V,fr/inria/optimization/cmaes/CMAParameters.getMu:()I,1
fr/inria/optimization/cmaes/CMAEvolutionStrategy.helloWorld:()Ljava/lang/String;,fr/inria/optimization/cmaes/CMAParameters.getMu:()I,1
fr/inria/optimization/cmaes/CMAEvolutionStrategy.testAndCorrectNumerics:()V,fr/inria/optimization/cmaes/CMAParameters.getLambda:()I,1
fr/inria/optimization/cmaes/CMAEvolutionStrategy.testAndCorrectNumerics:()V,fr/inria/optimization/cmaes/CMAParameters.getLambda:()I,1
fr/inria/optimization/cmaes/CMAEvolutionStrategy.init:()[D,fr/inria/optimization/cmaes/CMAParameters.getLambda:()I,0
fr/inria/optimization/cmaes/CMAEvolutionStrategy.init:()[D,fr/inria/optimization/cmaes/CMAParameters.getLambda:()I,1
fr/inria/optimization/cmaes/CMAEvolutionStrategy.init:()[D,fr/inria/optimization/cmaes/CMAParameters.getLambda:()I,1
fr/inria/optimization/cmaes/CMAEvolutionStrategy.init:()[D,fr/inria/optimization/cmaes/CMAParameters.getLambda:()I,1
fr/inria/optimization/cmaes/CMAEvolutionStrategy.init:()[D,fr/inria/optimization/cmaes/CMAParameters.getLambda:()I,1
fr/inria/optimization/cmaes/CMAEvolutionStrategy.init:()[D,fr/inria/optimization/cmaes/CMAParameters.getLambda:()I,1
fr/inria/optimization/cmaes/CMAEvolutionStrategy.init:()[D,fr/inria/optimization/cmaes/CMAParameters.getLambda:()I,1
fr/inria/optimization/cmaes/CMAEvolutionStrategy.init:()[D,fr/inria/optimization/cmaes/CMAParameters.getLambda:()I,1
fr/inria/optimization/cmaes/CMAEvolutionStrategy.samplePopulation:()[[D,fr/inria/optimization/cmaes/CMAParameters.getLambda:()I,1
fr/inria/optimization/cmaes/CMAEvolutionStrategy.samplePopulation:()[[D,fr/inria/optimization/cmaes/CMAParameters.getLambda:()I,1
fr/inria/optimization/cmaes/CMAEvolutionStrategy.updateDistribution:([D)V,fr/inria/optimization/cmaes/CMAParameters.getLambda:()I,1
fr/inria/optimization/cmaes/CMAEvolutionStrategy.updateDistribution:([D)V,fr/inria/optimization/cmaes/CMAParameters.getLambda:()I,0
fr/inria/optimization/cmaes/CMAEvolutionStrategy.updateDistribution:([D)V,fr/inria/optimization/cmaes/CMAParameters.getLambda:()I,1
fr/inria/optimization/cmaes/CMAEvolutionStrategy.updateDistribution:([D)V,fr/inria/optimization/cmaes/CMAParameters.getLambda:()I,1
fr/inria/optimization/cmaes/CMAEvolutionStrategy.updateDistribution:()V,fr/inria/optimization/cmaes/CMAParameters.getLambda:()I,1
fr/inria/optimization/cmaes/CMAEvolutionStrategy.updateDistribution:()V,fr/inria/optimization/cmaes/CMAParameters.getLambda:()I,1
fr/inria/optimization/cmaes/CMAEvolutionStrategy.helloWorld:()Ljava/lang/String;,fr/inria/optimization/cmaes/CMAParameters.getLambda:()I,1
fr/inria/optimization/cmaes/CMAEvolutionStrategy.getDataRowFitness:()Ljava/lang/String;,fr/inria/optimization/cmaes/CMAParameters.getLambda:()I,1
fr/inria/optimization/cmaes/CMAEvolutionStrategy.getDataRowFitness:()Ljava/lang/String;,fr/inria/optimization/cmaes/CMAParameters.getLambda:()I,1
fr/inria/optimization/cmaes/CMAEvolutionStrategy.updateDistribution:()V,fr/inria/optimization/cmaes/CMAParameters.getWeights:()[D,1
fr/inria/optimization/cmaes/CMAEvolutionStrategy.updateDistribution:()V,fr/inria/optimization/cmaes/CMAParameters.getWeights:()[D,1
fr/inria/optimization/cmaes/CMAEvolutionStrategy.updateDistribution:()V,fr/inria/optimization/cmaes/CMAParameters.getMueff:()D,1
fr/inria/optimization/cmaes/CMAEvolutionStrategy.helloWorld:()Ljava/lang/String;,fr/inria/optimization/cmaes/CMAParameters.getMueff:()D,1
fr/inria/optimization/cmaes/CMAEvolutionStrategy.updateDistribution:()V,fr/inria/optimization/cmaes/CMAParameters.getMucov:()D,0
fr/inria/optimization/cmaes/CMAEvolutionStrategy.updateDistribution:()V,fr/inria/optimization/cmaes/CMAParameters.getMucov:()D,1
fr/inria/optimization/cmaes/CMAEvolutionStrategy.updateDistribution:()V,fr/inria/optimization/cmaes/CMAParameters.getMucov:()D,1
fr/inria/optimization/cmaes/CMAEvolutionStrategy.eigendecomposition:(I)V,fr/inria/optimization/cmaes/CMAParameters.getCcov:()D,1
fr/inria/optimization/cmaes/CMAEvolutionStrategy.updateDistribution:()V,fr/inria/optimization/cmaes/CMAParameters.getCcov:()D,1
fr/inria/optimization/cmaes/CMAEvolutionStrategy.updateDistribution:()V,fr/inria/optimization/cmaes/CMAParameters.getCcov:()D,1
fr/inria/optimization/cmaes/CMAEvolutionStrategy.updateDistribution:()V,fr/inria/optimization/cmaes/CMAParameters.getCcov:()D,1
fr/inria/optimization/cmaes/CMAEvolutionStrategy.testAndCorrectNumerics:()V,fr/inria/optimization/cmaes/CMAParameters.getDamps:()D,0
fr/inria/optimization/cmaes/CMAEvolutionStrategy.updateDistribution:()V,fr/inria/optimization/cmaes/CMAParameters.getDamps:()D,0
fr/inria/optimization/cmaes/CMAEvolutionStrategy.updateDistribution:()V,fr/inria/optimization/cmaes/CMAParameters.getDamps:()D,1
fr/inria/optimization/cmaes/CMAEvolutionStrategy.updateDistribution:()V,fr/inria/optimization/cmaes/CMAParameters.getCc:()D,1
fr/inria/optimization/cmaes/CMAEvolutionStrategy.updateDistribution:()V,fr/inria/optimization/cmaes/CMAParameters.getCc:()D,1
fr/inria/optimization/cmaes/CMAEvolutionStrategy.updateDistribution:()V,fr/inria/optimization/cmaes/CMAParameters.getCc:()D,1
fr/inria/optimization/cmaes/CMAEvolutionStrategy.updateDistribution:()V,fr/inria/optimization/cmaes/CMAParameters.getCc:()D,1
fr/inria/optimization/cmaes/CMAEvolutionStrategy.updateDistribution:()V,fr/inria/optimization/cmaes/CMAParameters.getCc:()D,1
fr/inria/optimization/cmaes/CMAEvolutionStrategy.testAndCorrectNumerics:()V,fr/inria/optimization/cmaes/CMAParameters.getCs:()D,0
fr/inria/optimization/cmaes/CMAEvolutionStrategy.updateDistribution:()V,fr/inria/optimization/cmaes/CMAParameters.getCs:()D,0
fr/inria/optimization/cmaes/CMAEvolutionStrategy.updateDistribution:()V,fr/inria/optimization/cmaes/CMAParameters.getCs:()D,0
fr/inria/optimization/cmaes/CMAEvolutionStrategy.updateDistribution:()V,fr/inria/optimization/cmaes/CMAParameters.getCs:()D,0
fr/inria/optimization/cmaes/CMAEvolutionStrategy.updateDistribution:()V,fr/inria/optimization/cmaes/CMAParameters.getCs:()D,1
fr/inria/optimization/cmaes/CMAEvolutionStrategy.updateDistribution:()V,fr/inria/optimization/cmaes/CMAParameters.getCs:()D,1
fr/inria/optimization/cmaes/CMAEvolutionStrategy.updateDistribution:()V,fr/inria/optimization/cmaes/CMAParameters.getCs:()D,1
fr/inria/optimization/cmaes/CMAEvolutionStrategy.updateDistribution:()V,fr/inria/optimization/cmaes/CMAParameters.getCs:()D,1
fr/inria/optimization/cmaes/CMAEvolutionStrategy.updateDistribution:()V,fr/inria/optimization/cmaes/CMAParameters.getCs:()D,0
fr/inria/optimization/cmaes/CMAEvolutionStrategy.updateDistribution:()V,fr/inria/optimization/cmaes/CMAParameters.getCs:()D,0
fr/inria/optimization/cmaes/CMAEvolutionStrategy.updateDistribution:()V,fr/inria/optimization/cmaes/CMAParameters.getCs:()D,1
<boot>,fr/inria/optimization/cmaes/IntDouble.compare:(Ljava/lang/Object;Ljava/lang/Object;)I,0
<boot>,fr/inria/optimization/cmaes/CMAEvolutionStrategy.<clinit>:()V,1
<boot>,fr/inria/optimization/cmaes/CMAParameters$RecombinationType.<clinit>:()V,1
<boot>,fr/inria/optimization/cmaes/CMAParameters.<clinit>:()V,1
fr/inria/optimization/cmaes/CMAEvolutionStrategy$StopCondition.test:()I,fr/inria/optimization/cmaes/IntDouble.compare:(Ljava/lang/Object;Ljava/lang/Object;)I,0
fr/inria/optimization/cmaes/CMAEvolutionStrategy$StopCondition.test:()I,fr/inria/optimization/cmaes/IntDouble.compare:(Ljava/lang/Object;Ljava/lang/Object;)I,0
fr/inria/optimization/cmaes/CMAEvolutionStrategy$StopCondition.test:()I,fr/inria/optimization/cmaes/IntDouble.compare:(Ljava/lang/Object;Ljava/lang/Object;)I,0
fr/inria/optimization/cmaes/CMAEvolutionStrategy$StopCondition.test:()I,fr/inria/optimization/cmaes/IntDouble.compare:(Ljava/lang/Object;Ljava/lang/Object;)I,0
fr/inria/optimization/cmaes/CMAEvolutionStrategy$StopCondition.test:()I,fr/inria/optimization/cmaes/IntDouble.compare:(Ljava/lang/Object;Ljava/lang/Object;)I,0
fr/inria/optimization/cmaes/CMAEvolutionStrategy$StopCondition.test:()I,fr/inria/optimization/cmaes/IntDouble.compare:(Ljava/lang/Object;Ljava/lang/Object;)I,0
fr/inria/optimization/cmaes/CMAEvolutionStrategy$StopCondition.test:()I,fr/inria/optimization/cmaes/IntDouble.compare:(Ljava/lang/Object;Ljava/lang/Object;)I,0
fr/inria/optimization/cmaes/CMAEvolutionStrategy.<init>:()V,fr/inria/optimization/cmaes/IntDouble.compare:(Ljava/lang/Object;Ljava/lang/Object;)I,0
fr/inria/optimization/cmaes/CMAEvolutionStrategy.checkEigenSystem:(I[[D[D[[D)I,fr/inria/optimization/cmaes/IntDouble.compare:(Ljava/lang/Object;Ljava/lang/Object;)I,0
fr/inria/optimization/cmaes/CMAEvolutionStrategy.checkEigenSystem:(I[[D[D[[D)I,fr/inria/optimization/cmaes/IntDouble.compare:(Ljava/lang/Object;Ljava/lang/Object;)I,0
fr/inria/optimization/cmaes/CMAEvolutionStrategy.checkEigenSystem:(I[[D[D[[D)I,fr/inria/optimization/cmaes/IntDouble.compare:(Ljava/lang/Object;Ljava/lang/Object;)I,0
fr/inria/optimization/cmaes/CMAEvolutionStrategy.checkEigenSystem:(I[[D[D[[D)I,fr/inria/optimization/cmaes/IntDouble.compare:(Ljava/lang/Object;Ljava/lang/Object;)I,0
fr/inria/optimization/cmaes/CMAEvolutionStrategy.getDataRowAxlen:()Ljava/lang/String;,fr/inria/optimization/cmaes/IntDouble.compare:(Ljava/lang/Object;Ljava/lang/Object;)I,0
fr/inria/optimization/cmaes/CMAEvolutionStrategy.getDataRowAxlen:()Ljava/lang/String;,fr/inria/optimization/cmaes/IntDouble.compare:(Ljava/lang/Object;Ljava/lang/Object;)I,0
fr/inria/optimization/cmaes/CMAEvolutionStrategy.getDataRowAxlen:()Ljava/lang/String;,fr/inria/optimization/cmaes/IntDouble.compare:(Ljava/lang/Object;Ljava/lang/Object;)I,0
fr/inria/optimization/cmaes/CMAEvolutionStrategy.getDataRowAxlen:()Ljava/lang/String;,fr/inria/optimization/cmaes/IntDouble.compare:(Ljava/lang/Object;Ljava/lang/Object;)I,0
fr/inria/optimization/cmaes/CMAEvolutionStrategy.getDataRowFitness:()Ljava/lang/String;,fr/inria/optimization/cmaes/IntDouble.compare:(Ljava/lang/Object;Ljava/lang/Object;)I,0
fr/inria/optimization/cmaes/CMAEvolutionStrategy.getDataRowFitness:()Ljava/lang/String;,fr/inria/optimization/cmaes/IntDouble.compare:(Ljava/lang/Object;Ljava/lang/Object;)I,0
fr/inria/optimization/cmaes/CMAEvolutionStrategy.getDataRowFitness:()Ljava/lang/String;,fr/inria/optimization/cmaes/IntDouble.compare:(Ljava/lang/Object;Ljava/lang/Object;)I,0
fr/inria/optimization/cmaes/CMAEvolutionStrategy.getDataRowFitness:()Ljava/lang/String;,fr/inria/optimization/cmaes/IntDouble.compare:(Ljava/lang/Object;Ljava/lang/Object;)I,0
fr/inria/optimization/cmaes/CMAEvolutionStrategy.getDataRowFitness:()Ljava/lang/String;,fr/inria/optimization/cmaes/IntDouble.compare:(Ljava/lang/Object;Ljava/lang/Object;)I,0
fr/inria/optimization/cmaes/CMAEvolutionStrategy.getDataRowFitness:()Ljava/lang/String;,fr/inria/optimization/cmaes/IntDouble.compare:(Ljava/lang/Object;Ljava/lang/Object;)I,0
fr/inria/optimization/cmaes/CMAEvolutionStrategy.getDataRowFitness:()Ljava/lang/String;,fr/inria/optimization/cmaes/IntDouble.compare:(Ljava/lang/Object;Ljava/lang/Object;)I,0
fr/inria/optimization/cmaes/CMAEvolutionStrategy.getDataRowFitness:()Ljava/lang/String;,fr/inria/optimization/cmaes/IntDouble.compare:(Ljava/lang/Object;Ljava/lang/Object;)I,0
fr/inria/optimization/cmaes/CMAEvolutionStrategy.getDataRowFitness:()Ljava/lang/String;,fr/inria/optimization/cmaes/IntDouble.compare:(Ljava/lang/Object;Ljava/lang/Object;)I,0
fr/inria/optimization/cmaes/CMAEvolutionStrategy.getDataRowFitness:()Ljava/lang/String;,fr/inria/optimization/cmaes/IntDouble.compare:(Ljava/lang/Object;Ljava/lang/Object;)I,0
fr/inria/optimization/cmaes/CMAEvolutionStrategy.getDataRowStddev:()Ljava/lang/String;,fr/inria/optimization/cmaes/IntDouble.compare:(Ljava/lang/Object;Ljava/lang/Object;)I,0
fr/inria/optimization/cmaes/CMAEvolutionStrategy.getDataRowStddev:()Ljava/lang/String;,fr/inria/optimization/cmaes/IntDouble.compare:(Ljava/lang/Object;Ljava/lang/Object;)I,0
fr/inria/optimization/cmaes/CMAEvolutionStrategy.getDataRowXMean:()Ljava/lang/String;,fr/inria/optimization/cmaes/IntDouble.compare:(Ljava/lang/Object;Ljava/lang/Object;)I,0
fr/inria/optimization/cmaes/CMAEvolutionStrategy.getDataRowXMean:()Ljava/lang/String;,fr/inria/optimization/cmaes/IntDouble.compare:(Ljava/lang/Object;Ljava/lang/Object;)I,0
fr/inria/optimization/cmaes/CMAEvolutionStrategy.getDataRowXRecentBest:()Ljava/lang/String;,fr/inria/optimization/cmaes/IntDouble.compare:(Ljava/lang/Object;Ljava/lang/Object;)I,0
fr/inria/optimization/cmaes/CMAEvolutionStrategy.getDataRowXRecentBest:()Ljava/lang/String;,fr/inria/optimization/cmaes/IntDouble.compare:(Ljava/lang/Object;Ljava/lang/Object;)I,0
fr/inria/optimization/cmaes/CMAEvolutionStrategy.getDataRowXRecentBest:()Ljava/lang/String;,fr/inria/optimization/cmaes/IntDouble.compare:(Ljava/lang/Object;Ljava/lang/Object;)I,0
fr/inria/optimization/cmaes/CMAEvolutionStrategy.helloWorld:()Ljava/lang/String;,fr/inria/optimization/cmaes/IntDouble.compare:(Ljava/lang/Object;Ljava/lang/Object;)I,0
fr/inria/optimization/cmaes/CMAEvolutionStrategy.init:()[D,fr/inria/optimization/cmaes/IntDouble.compare:(Ljava/lang/Object;Ljava/lang/Object;)I,0
fr/inria/optimization/cmaes/CMAEvolutionStrategy.init:()[D,fr/inria/optimization/cmaes/IntDouble.compare:(Ljava/lang/Object;Ljava/lang/Object;)I,0
fr/inria/optimization/cmaes/CMAEvolutionStrategy.init:()[D,fr/inria/optimization/cmaes/IntDouble.compare:(Ljava/lang/Object;Ljava/lang/Object;)I,0
fr/inria/optimization/cmaes/CMAEvolutionStrategy.init:()[D,fr/inria/optimization/cmaes/IntDouble.compare:(Ljava/lang/Object;Ljava/lang/Object;)I,0
fr/inria/optimization/cmaes/CMAEvolutionStrategy.setFromProperties:(Ljava/util/Properties;)V,fr/inria/optimization/cmaes/IntDouble.compare:(Ljava/lang/Object;Ljava/lang/Object;)I,0
fr/inria/optimization/cmaes/CMAOptions.getFirstToken:(Ljava/lang/String;Ljava/lang/Double;)Ljava/lang/Double;,fr/inria/optimization/cmaes/IntDouble.compare:(Ljava/lang/Object;Ljava/lang/Object;)I,0
fr/inria/optimization/cmaes/CMAOptions.parseDouble:([Ljava/lang/String;)[D,fr/inria/optimization/cmaes/IntDouble.compare:(Ljava/lang/Object;Ljava/lang/Object;)I,0
fr/inria/optimization/cmaes/CMAOptions.setOptions:(Ljava/util/Properties;)V,fr/inria/optimization/cmaes/IntDouble.compare:(Ljava/lang/Object;Ljava/lang/Object;)I,0
fr/inria/optimization/cmaes/CMAParameters.check:()Ljava/lang/String;,fr/inria/optimization/cmaes/IntDouble.compare:(Ljava/lang/Object;Ljava/lang/Object;)I,0
fr/inria/optimization/cmaes/CMAParameters.check:()Ljava/lang/String;,fr/inria/optimization/cmaes/IntDouble.compare:(Ljava/lang/Object;Ljava/lang/Object;)I,0
fr/inria/optimization/cmaes/CMAParameters.check:()Ljava/lang/String;,fr/inria/optimization/cmaes/IntDouble.compare:(Ljava/lang/Object;Ljava/lang/Object;)I,0
fr/inria/optimization/cmaes/CMAParameters.check:()Ljava/lang/String;,fr/inria/optimization/cmaes/IntDouble.compare:(Ljava/lang/Object;Ljava/lang/Object;)I,0
fr/inria/optimization/cmaes/CMAParameters.check:()Ljava/lang/String;,fr/inria/optimization/cmaes/IntDouble.compare:(Ljava/lang/Object;Ljava/lang/Object;)I,0
fr/inria/optimization/cmaes/PrintfFormat$ConversionSpecification.eFormatDigits:(DC)[C,fr/inria/optimization/cmaes/IntDouble.compare:(Ljava/lang/Object;Ljava/lang/Object;)I,0
fr/inria/optimization/cmaes/PrintfFormat$ConversionSpecification.eFormatDigits:(DC)[C,fr/inria/optimization/cmaes/IntDouble.compare:(Ljava/lang/Object;Ljava/lang/Object;)I,0
fr/inria/optimization/cmaes/PrintfFormat$ConversionSpecification.eFormatDigits:(DC)[C,fr/inria/optimization/cmaes/IntDouble.compare:(Ljava/lang/Object;Ljava/lang/Object;)I,0
fr/inria/optimization/cmaes/PrintfFormat$ConversionSpecification.fFormatDigits:(D)[C,fr/inria/optimization/cmaes/IntDouble.compare:(Ljava/lang/Object;Ljava/lang/Object;)I,0
fr/inria/optimization/cmaes/PrintfFormat$ConversionSpecification.fFormatDigits:(D)[C,fr/inria/optimization/cmaes/IntDouble.compare:(Ljava/lang/Object;Ljava/lang/Object;)I,0
fr/inria/optimization/cmaes/PrintfFormat$ConversionSpecification.fFormatDigits:(D)[C,fr/inria/optimization/cmaes/IntDouble.compare:(Ljava/lang/Object;Ljava/lang/Object;)I,0
fr/inria/optimization/cmaes/examples/CMAExample1.main:([Ljava/lang/String;)V,fr/inria/optimization/cmaes/IntDouble.compare:(Ljava/lang/Object;Ljava/lang/Object;)I,0
